{"type":"FeatureCollection","name":"tl_2025_us_county Texas","source":"https://www2.census.gov/geo/tiger/TIGER2025/COUNTY/tl_2025_us_county.zip","features":[{"type":"Feature","properties":{"name":"Presidio","fips":"48377","state":"TX","state_fips":"48"},"geometry":{"type":"Polygon","coordinates":[[[-104.980778,30.62552],[-104.976636,30.628946],[-103.90101,30.41219],[-103.80068,30.412527],[-103.792793,29.500188],[-103.795863,29.259718],[-103.806369,29.261089],[-103.813517,29.274032],[-103.826207,29.269203],[-103.854307,29.281472],[-103.88012,29.285149],[-103.889395,29.278824],[-103.899292,29.28741],[-103.918887,29.284844],[-103.92572,29.294372],[-103.967648,29.300029],[-103.975808,29.296249],[-104.037497,29.319707],[-104.055165,29.330442],[-104.0561,29.337727],[-104.082256,29.346064],[-104.106579,29.373313],[-104.121318,29.371423],[-104.122941,29.380306],[-104.134919,29.38422],[-104.141158,29.377823],[-104.143339,29.388268],[-104.148373,29.385101],[-104.155195,29.394569],[-104.160378,29.389828],[-104.167443,29.394744],[-104.164771,29.401517],[-104.183889,29.4172],[-104.181065,29.42646],[-104.217705,29.456559],[-104.210044,29.482243],[-104.230698,29.478669],[-104.237134,29.497556],[-104.260659,29.506671],[-104.262175,29.513501],[-104.311475,29.523202],[-104.315476,29.532754],[-104.321486,29.521862],[-104.338201,29.520182],[-104.370421,29.543141],[-104.381563,29.543369],[-104.394268,29.55518],[-104.398921,29.571897],[-104.456369,29.608734],[-104.466549,29.609216],[-104.465397,29.618209],[-104.473404,29.617887],[-104.475991,29.627979],[-104.486141,29.628658],[-104.498003,29.639695],[-104.507925,29.632355],[-104.515589,29.640282],[-104.509798,29.644012],[-104.517597,29.647391],[-104.525397,29.667843],[-104.535575,29.666553],[-104.544099,29.680693],[-104.53021,29.690464],[-104.543832,29.696299],[-104.544881,29.716098],[-104.552287,29.717342],[-104.549326,29.730571],[-104.560435,29.735188],[-104.549848,29.740895],[-104.569941,29.752597],[-104.563883,29.761283],[-104.565929,29.771468],[-104.578921,29.782835],[-104.581506,29.795112],[-104.590915,29.798115],[-104.586014,29.802035],[-104.591347,29.809809],[-104.594928,29.805331],[-104.610082,29.819359],[-104.608486,29.827949],[-104.619637,29.830217],[-104.609445,29.839754],[-104.615371,29.846569],[-104.62475,29.842783],[-104.621585,29.849565],[-104.629271,29.852201],[-104.633421,29.870758],[-104.646112,29.878542],[-104.651662,29.892384],[-104.658257,29.890798],[-104.655086,29.905398],[-104.665589,29.901708],[-104.683272,29.929107],[-104.680735,29.947326],[-104.67318,29.954969],[-104.685253,29.956731],[-104.680152,29.977003],[-104.693127,29.97553],[-104.685736,29.987142],[-104.693182,29.993525],[-104.687533,29.995673],[-104.694104,30.002516],[-104.689549,30.015105],[-104.703818,30.023417],[-104.695675,30.037664],[-104.707264,30.049867],[-104.703662,30.064196],[-104.687988,30.07377],[-104.684965,30.085301],[-104.689868,30.089342],[-104.685068,30.099849],[-104.688951,30.095259],[-104.694404,30.101979],[-104.685468,30.110032],[-104.695078,30.117811],[-104.696706,30.134457],[-104.685312,30.144733],[-104.690113,30.149226],[-104.686332,30.173281],[-104.711269,30.223083],[-104.706255,30.234812],[-104.733722,30.261399],[-104.736645,30.255905],[-104.750712,30.262229],[-104.751586,30.264419],[-104.74958,30.266972],[-104.747858,30.273159],[-104.748593,30.274407],[-104.763176,30.274836],[-104.758139,30.286412],[-104.76669,30.306],[-104.779318,30.303269],[-104.776807,30.3103],[-104.791399,30.325518],[-104.811578,30.332811],[-104.809995,30.341511],[-104.822581,30.350624],[-104.810993,30.362472],[-104.819674,30.368722],[-104.816423,30.375187],[-104.837438,30.373847],[-104.859296,30.390253],[-104.857182,30.408871],[-104.847679,30.413805],[-104.84787,30.419979],[-104.861305,30.426121],[-104.858333,30.437636],[-104.867933,30.441066],[-104.86588,30.46689],[-104.871667,30.480345],[-104.866582,30.494312],[-104.873956,30.495334],[-104.873337,30.513579],[-104.885702,30.51827],[-104.880648,30.529821],[-104.897981,30.554612],[-104.898835,30.570473],[-104.909619,30.585211],[-104.918762,30.585542],[-104.924704,30.605112],[-104.930975,30.599066],[-104.959621,30.610583],[-104.967494,30.607949],[-104.980778,30.62552]]]}},{"type":"Feature","properties":{"name":"Willacy","fips":"48489","state":"TX","state_fips":"48"},"geometry":{"type":"Polygon","coordinates":[[[-97.861875,26.348348],[-97.86192,26.433579],[-97.908508,26.433245],[-98.004189,26.448784],[-97.984367,26.536578],[-97.963912,26.5335],[-97.970067,26.552253],[-97.957405,26.611769],[-97.861688,26.597995],[-97.225374,26.600227],[-97.167255,26.412715],[-97.386505,26.410437],[-97.411837,26.373431],[-97.430884,26.36332],[-97.445383,26.325819],[-97.46571,26.33238],[-97.467876,26.342902],[-97.475015,26.340744],[-97.469745,26.329885],[-97.485472,26.337092],[-97.507656,26.334724],[-97.500824,26.318852],[-97.51229,26.312976],[-97.50659,26.320818],[-97.521306,26.325837],[-97.527582,26.299304],[-97.861875,26.348348]]]}},{"type":"Feature","properties":{"name":"Starr","fips":"48427","state":"TX","state_fips":"48"},"geometry":{"type":"Polygon","coordinates":[[[-99.171835,26.545542],[-99.169416,26.571682],[-99.011112,26.675023],[-98.95423,26.785694],[-98.32067,26.783081],[-98.586444,26.25778],[-98.611644,26.253349],[-98.615967,26.246518],[-98.623338,26.259901],[-98.634554,26.242339],[-98.656615,26.235688],[-98.673087,26.238442],[-98.680657,26.262555],[-98.720002,26.272794],[-98.717289,26.278049],[-98.700963,26.27796],[-98.702536,26.286956],[-98.71617,26.286197],[-98.727765,26.29877],[-98.750973,26.296321],[-98.754216,26.307928],[-98.740419,26.302777],[-98.736161,26.309199],[-98.751127,26.331584],[-98.771321,26.325081],[-98.788955,26.330433],[-98.798211,26.360166],[-98.807348,26.369421],[-98.824565,26.370833],[-98.844115,26.35873],[-98.86191,26.36599],[-98.896734,26.35333],[-98.901677,26.371229],[-98.917377,26.374471],[-98.925879,26.394357],[-98.935636,26.385047],[-98.935134,26.372971],[-98.942152,26.369687],[-98.956019,26.377255],[-98.957318,26.396308],[-98.975227,26.40114],[-98.989085,26.391667],[-99.01064,26.392135],[-99.021935,26.407902],[-99.034948,26.413414],[-99.062111,26.397385],[-99.083628,26.397441],[-99.113546,26.43253],[-99.102376,26.442726],[-99.091976,26.472376],[-99.104851,26.500383],[-99.127782,26.525199],[-99.166742,26.536079],[-99.171835,26.545542]]]}},{"type":"Feature","properties":{"name":"Archer","fips":"48009","state":"TX","state_fips":"48"},"geometry":{"type":"Polygon","coordinates":[[[-98.953938,33.397534],[-98.953202,33.834025],[-98.423577,33.836047],[-98.420666,33.396195],[-98.953938,33.397534]]]}},{"type":"Feature","properties":{"name":"Baylor","fips":"48023","state":"TX","state_fips":"48"},"geometry":{"type":"Polygon","coordinates":[[[-99.47565,33.834005],[-98.953202,33.834025],[-98.953938,33.397534],[-99.472444,33.399023],[-99.47565,33.834005]]]}},{"type":"Feature","properties":{"name":"San Augustine","fips":"48405","state":"TX","state_fips":"48"},"geometry":{"type":"Polygon","coordinates":[[[-94.394976,31.638449],[-94.399091,31.653596],[-94.090717,31.620609],[-93.984461,31.569419],[-93.983239,31.466114],[-94.044154,31.409979],[-94.021729,31.365872],[-94.041633,31.340465],[-94.037011,31.33233],[-94.047302,31.298196],[-94.038428,31.286926],[-94.028974,31.250215],[-94.038575,31.217716],[-94.038692,31.176124],[-94.048833,31.150338],[-94.037797,31.129398],[-94.045436,31.116726],[-94.129632,31.09928],[-94.133173,31.107521],[-94.140524,31.104838],[-94.144241,31.11516],[-94.157606,31.114584],[-94.161547,31.122395],[-94.17813,31.123744],[-94.188505,31.137536],[-94.192732,31.135455],[-94.189431,31.139355],[-94.207134,31.150468],[-94.202915,31.153972],[-94.219556,31.164419],[-94.218997,31.173265],[-94.238775,31.180343],[-94.248935,31.177171],[-94.250572,31.18828],[-94.262206,31.180334],[-94.269863,31.19624],[-94.288596,31.201582],[-94.29445,31.212649],[-94.312354,31.217864],[-94.312559,31.223739],[-94.326535,31.224643],[-94.324778,31.230892],[-94.339773,31.24082],[-94.328894,31.250699],[-94.339634,31.263273],[-94.32219,31.285513],[-94.327025,31.291362],[-94.314935,31.308069],[-94.322585,31.321787],[-94.31344,31.337524],[-94.33119,31.362966],[-94.324583,31.375723],[-94.327783,31.384137],[-94.323006,31.385417],[-94.326934,31.399991],[-94.3142,31.402922],[-94.304935,31.421824],[-94.324993,31.43941],[-94.313529,31.455539],[-94.311842,31.468789],[-94.319123,31.478924],[-94.316128,31.495828],[-94.307592,31.492309],[-94.311648,31.494371],[-94.302146,31.505276],[-94.30427,31.514811],[-94.310573,31.515905],[-94.306799,31.516587],[-94.305958,31.518655],[-94.31013,31.517016],[-94.309418,31.524204],[-94.300038,31.526903],[-94.307074,31.530836],[-94.302368,31.533876],[-94.307665,31.538215],[-94.305441,31.571149],[-94.313592,31.575686],[-94.310939,31.589246],[-94.32799,31.591984],[-94.339989,31.608786],[-94.35043,31.606484],[-94.356709,31.622622],[-94.367372,31.624201],[-94.366165,31.633224],[-94.374627,31.638994],[-94.394976,31.638449]]]}},{"type":"Feature","properties":{"name":"Madison","fips":"48313","state":"TX","state_fips":"48"},"geometry":{"type":"Polygon","coordinates":[[[-95.975218,31.091967],[-95.76441,31.094211],[-95.759542,31.088716],[-95.741554,31.090772],[-95.736356,31.083772],[-95.72841,31.087874],[-95.723383,31.079834],[-95.706973,31.077885],[-95.704139,31.082563],[-95.698475,31.076766],[-95.692388,31.08196],[-95.676469,31.075908],[-95.662464,31.083562],[-95.648429,31.06988],[-95.654913,31.067311],[-95.647546,31.055382],[-95.631299,31.052929],[-95.628213,31.043291],[-95.631397,31.036836],[-95.640359,31.042508],[-95.66318,31.033216],[-95.669505,31.024601],[-95.658418,31.01631],[-95.669999,30.994212],[-95.681158,30.986958],[-95.664954,30.970883],[-95.649761,30.935951],[-95.637423,30.926305],[-95.617872,30.930418],[-95.621852,30.925093],[-95.611925,30.918244],[-95.614108,30.912991],[-95.627987,30.910437],[-95.629775,30.899932],[-95.654501,30.89324],[-95.666384,30.905047],[-95.691598,30.901095],[-95.695691,30.907243],[-95.709597,30.905482],[-95.716508,30.911405],[-95.73328,30.900078],[-95.759517,30.898892],[-95.784927,30.878955],[-95.829647,30.862058],[-95.849116,30.86303],[-95.850392,30.867679],[-96.125235,30.826603],[-96.1744,30.826747],[-96.174119,30.85307],[-96.195713,30.871005],[-96.192996,30.881234],[-96.200196,30.88549],[-96.203437,30.90123],[-96.212737,30.905258],[-96.203047,30.932907],[-96.198228,30.932117],[-96.207809,30.947419],[-96.237792,30.960642],[-96.24102,30.973737],[-96.170918,30.9944],[-96.046286,31.069353],[-96.017471,31.070015],[-95.975218,31.091967]]]}},{"type":"Feature","properties":{"name":"Cottle","fips":"48101","state":"TX","state_fips":"48"},"geometry":{"type":"Polygon","coordinates":[[[-100.518691,33.83565],[-100.51734,34.314102],[-99.99772,34.311829],[-99.997621,34.224355],[-100.006052,34.225668],[-100.009793,34.241955],[-100.037319,34.238778],[-100.042809,34.227969],[-100.047028,34.22978],[-100.04848,33.835974],[-100.518691,33.83565]]]}},{"type":"Feature","properties":{"name":"Young","fips":"48503","state":"TX","state_fips":"48"},"geometry":{"type":"Polygon","coordinates":[[[-98.950875,32.956918],[-98.953938,33.397534],[-98.420666,33.396195],[-98.427211,32.9523],[-98.950875,32.956918]]]}},{"type":"Feature","properties":{"name":"Fort Bend","fips":"48157","state":"TX","state_fips":"48"},"geometry":{"type":"Polygon","coordinates":[[[-95.56729,29.389695],[-95.58082,29.361871],[-95.574061,29.354663],[-95.582651,29.350373],[-95.5792,29.34062],[-95.590793,29.327485],[-95.604975,29.330737],[-95.625777,29.312981],[-95.620816,29.299839],[-95.626183,29.293042],[-95.638837,29.297186],[-95.655472,29.29116],[-95.66509,29.298891],[-95.752866,29.324503],[-95.784013,29.296249],[-95.79782,29.307971],[-95.847656,29.26259],[-95.857567,29.268119],[-95.879193,29.266409],[-95.897541,29.299283],[-95.894111,29.314635],[-95.950643,29.336577],[-95.952584,29.348042],[-95.936549,29.35869],[-95.944135,29.361191],[-95.954862,29.379593],[-95.967389,29.38197],[-95.970761,29.408429],[-95.988116,29.417959],[-95.992049,29.433908],[-96.006916,29.429004],[-96.020453,29.441217],[-96.035291,29.443007],[-96.029517,29.452184],[-96.048512,29.462164],[-96.049873,29.472097],[-96.059954,29.473642],[-96.059575,29.491961],[-96.034803,29.492462],[-96.022328,29.502291],[-96.027202,29.508844],[-96.054189,29.512163],[-96.050737,29.523589],[-96.056367,29.539408],[-96.040936,29.540835],[-96.044539,29.562134],[-96.059998,29.56866],[-96.062134,29.591359],[-96.088912,29.601658],[-96.024825,29.602899],[-96.024168,29.622025],[-96.016438,29.627104],[-96.014753,29.641669],[-96.033158,29.658184],[-96.020016,29.659167],[-96.016769,29.667491],[-96.030906,29.675187],[-96.046084,29.665513],[-96.060066,29.676317],[-96.035905,29.688356],[-96.021445,29.678897],[-96.015557,29.681423],[-96.014524,29.693589],[-96.022838,29.704452],[-96.005986,29.703855],[-96.007109,29.716677],[-96.032066,29.717323],[-96.032711,29.727944],[-95.97094,29.728554],[-95.971287,29.740454],[-95.950931,29.740769],[-95.825975,29.788616],[-95.605466,29.664467],[-95.424196,29.580675],[-95.462602,29.439238],[-95.550622,29.438306],[-95.556401,29.424613],[-95.546028,29.408584],[-95.547577,29.395197],[-95.56729,29.389695]]]}},{"type":"Feature","properties":{"name":"Bosque","fips":"48035","state":"TX","state_fips":"48"},"geometry":{"type":"Polygon","coordinates":[[[-97.277265,31.745492],[-97.60523,31.587762],[-97.689834,31.711019],[-97.766431,31.672461],[-98.005462,32.017897],[-97.630885,32.207403],[-97.59457,32.20196],[-97.58989,32.18848],[-97.60168,32.17567],[-97.573395,32.180315],[-97.56468,32.162354],[-97.569677,32.151285],[-97.521813,32.13476],[-97.508158,32.138438],[-97.511143,32.162424],[-97.483387,32.172432],[-97.461285,32.171937],[-97.456448,32.164382],[-97.468689,32.148781],[-97.497086,32.134345],[-97.469933,32.091648],[-97.492092,32.059723],[-97.485968,32.017611],[-97.474942,32.010081],[-97.44769,32.012499],[-97.426387,32.028557],[-97.421818,32.004826],[-97.405639,31.987566],[-97.381302,31.985596],[-97.37731,31.979515],[-97.439471,31.929775],[-97.422731,31.923182],[-97.409417,31.908254],[-97.398334,31.909806],[-97.359367,31.889632],[-97.38182,31.884255],[-97.382848,31.870788],[-97.352368,31.859935],[-97.329791,31.842088],[-97.302673,31.84828],[-97.28206,31.843152],[-97.277184,31.836326],[-97.282026,31.823331],[-97.32653,31.78836],[-97.310335,31.761552],[-97.277265,31.745492]]]}},{"type":"Feature","properties":{"name":"Wilson","fips":"48493","state":"TX","state_fips":"48"},"geometry":{"type":"Polygon","coordinates":[[[-98.407336,29.114435],[-98.134171,29.441751],[-98.130483,29.39784],[-98.11307,29.36533],[-98.084684,29.379594],[-97.840383,29.376791],[-97.858782,29.35289],[-97.728443,29.221748],[-98.190991,28.882333],[-98.407336,29.114435]]]}},{"type":"Feature","properties":{"name":"Ector","fips":"48135","state":"TX","state_fips":"48"},"geometry":{"type":"Polygon","coordinates":[[[-102.287345,31.651276],[-102.798939,31.651783],[-102.799086,32.085795],[-102.287048,32.086991],[-102.287345,31.651276]]]}},{"type":"Feature","properties":{"name":"Limestone","fips":"48293","state":"TX","state_fips":"48"},"geometry":{"type":"Polygon","coordinates":[[[-96.496752,31.796248],[-96.236629,31.413392],[-96.322853,31.374067],[-96.319165,31.357129],[-96.596862,31.2209],[-96.932215,31.708887],[-96.719114,31.814887],[-96.496752,31.796248]]]}},{"type":"Feature","properties":{"name":"Denton","fips":"48121","state":"TX","state_fips":"48"},"geometry":{"type":"Polygon","coordinates":[[[-96.83411,33.405498],[-96.844122,32.987435],[-97.398459,32.991732],[-97.383095,33.43045],[-96.841098,33.413377],[-96.841171,33.405589],[-96.83411,33.405498]]]}},{"type":"Feature","properties":{"name":"Red River","fips":"48387","state":"TX","state_fips":"48"},"geometry":{"type":"Polygon","coordinates":[[[-95.30664,33.378027],[-95.310497,33.877204],[-95.294282,33.872768],[-95.27913,33.876567],[-95.278163,33.890343],[-95.285585,33.903445],[-95.27596,33.911279],[-95.266385,33.908468],[-95.262956,33.888321],[-95.25415,33.893604],[-95.24763,33.914744],[-95.250171,33.938497],[-95.232879,33.949736],[-95.226041,33.962237],[-95.171503,33.94672],[-95.156961,33.936645],[-95.1247,33.934675],[-95.121727,33.925762],[-95.131644,33.913926],[-95.120893,33.904539],[-95.08006,33.920989],[-95.079742,33.908595],[-95.100378,33.895595],[-95.089607,33.880857],[-95.082408,33.879882],[-95.078696,33.90504],[-95.067253,33.917351],[-95.063669,33.911108],[-95.075954,33.902066],[-95.071801,33.895561],[-95.072413,33.902699],[-95.060105,33.901873],[-95.048195,33.86347],[-95.015745,33.857733],[-95.002187,33.863713],[-94.988487,33.851],[-94.970205,33.861817],[-94.964401,33.837021],[-94.943888,33.830226],[-94.95352,33.816007],[-94.942217,33.80578],[-94.923289,33.808742],[-94.926616,33.827557],[-94.91801,33.826783],[-94.910882,33.815915],[-94.921526,33.790472],[-94.876372,33.75733],[-94.874229,33.770063],[-94.867707,33.768501],[-94.866736,33.76183],[-94.877125,33.753123],[-94.869913,33.746196],[-94.827948,33.740882],[-94.821989,33.732878],[-94.830875,33.759985],[-94.820707,33.768964],[-94.812155,33.750936],[-94.817023,33.740007],[-94.802833,33.732699],[-94.780068,33.744469],[-94.768656,33.760962],[-94.758125,33.756537],[-94.758665,33.748854],[-94.776815,33.746437],[-94.788637,33.735669],[-94.768695,33.726989],[-94.751825,33.734326],[-94.747668,33.725148],[-94.757738,33.717817],[-94.751366,33.71354],[-94.742092,33.726692],[-94.732939,33.72453],[-94.736129,33.71608],[-94.753801,33.708663],[-94.746096,33.703016],[-94.746925,33.328938],[-94.754251,33.31798],[-94.763959,33.322885],[-94.781447,33.318722],[-94.776045,33.321011],[-94.78401,33.323829],[-94.776914,33.33276],[-94.78941,33.337893],[-94.781867,33.344261],[-94.785805,33.349596],[-94.789872,33.344924],[-94.79743,33.348384],[-94.791125,33.355963],[-94.797566,33.355276],[-94.79489,33.360086],[-94.801032,33.365513],[-94.814951,33.362858],[-94.81271,33.375577],[-94.833867,33.383875],[-94.835449,33.378928],[-94.83616,33.383119],[-94.839245,33.385179],[-94.846286,33.378833],[-94.849182,33.383848],[-94.857616,33.381509],[-94.857586,33.3767],[-94.876175,33.394444],[-94.889304,33.39848],[-94.908286,33.383716],[-94.952483,33.390405],[-94.952055,33.395162],[-94.955243,33.396616],[-94.961546,33.389785],[-94.979317,33.387099],[-94.982978,33.392206],[-95.002767,33.390188],[-94.999756,33.39419],[-95.004729,33.395363],[-95.017127,33.390949],[-95.020025,33.380943],[-95.041194,33.384878],[-95.039692,33.380097],[-95.05203,33.389046],[-95.059097,33.38613],[-95.058302,33.392148],[-95.074782,33.385917],[-95.093348,33.397571],[-95.119604,33.385859],[-95.145464,33.388204],[-95.143201,33.383097],[-95.160535,33.379873],[-95.157722,33.383788],[-95.166183,33.385484],[-95.191683,33.373769],[-95.201067,33.38095],[-95.222683,33.378335],[-95.229651,33.375557],[-95.228175,33.370666],[-95.234432,33.373818],[-95.241513,33.367776],[-95.260962,33.366934],[-95.271049,33.376734],[-95.290144,33.375591],[-95.299116,33.382738],[-95.30664,33.378027]]]}},{"type":"Feature","properties":{"name":"Matagorda","fips":"48321","state":"TX","state_fips":"48"},"geometry":{"type":"Polygon","coordinates":[[[-96.322731,28.642944],[-96.309178,28.963291],[-95.965196,29.146865],[-95.874028,29.229702],[-95.844667,29.204676],[-95.857805,29.193315],[-95.838371,29.176564],[-95.850492,29.156923],[-95.837849,29.13418],[-95.846379,29.107579],[-95.841894,29.099093],[-95.829117,29.088915],[-95.805905,29.090539],[-95.793434,29.072222],[-95.765086,29.060848],[-95.7855,29.03915],[-95.779284,29.034487],[-95.782027,29.020871],[-95.776099,29.01789],[-95.784401,29.007508],[-95.777883,29.009127],[-95.767706,29.003842],[-95.778339,28.997053],[-95.767204,28.991608],[-95.769393,28.971109],[-95.69913,28.969537],[-95.684244,28.960473],[-95.676211,28.964772],[-95.655071,28.95153],[-95.645822,28.938888],[-95.651555,28.920008],[-95.642118,28.904257],[-95.57924,28.859613],[-95.573671,28.832767],[-95.530471,28.829098],[-95.504096,28.837735],[-95.507306,28.825761],[-95.49565,28.764837],[-95.777845,28.625266],[-96.182242,28.452036],[-96.258191,28.407872],[-96.267069,28.388229],[-96.282307,28.375002],[-96.320762,28.362868],[-96.341807,28.342381],[-96.352686,28.312923],[-96.395198,28.279736],[-96.38048,28.380859],[-96.322731,28.642944]]]}},{"type":"Feature","properties":{"name":"Hardeman","fips":"48197","state":"TX","state_fips":"48"},"geometry":{"type":"Polygon","coordinates":[[[-99.997621,34.224355],[-99.997501,34.560574],[-99.971606,34.562169],[-99.946083,34.579139],[-99.923211,34.574552],[-99.876957,34.540098],[-99.853053,34.511585],[-99.821839,34.497848],[-99.814313,34.476204],[-99.793684,34.453894],[-99.765599,34.437488],[-99.767234,34.430502],[-99.754248,34.421289],[-99.720259,34.406295],[-99.712682,34.390928],[-99.69497,34.378333],[-99.662705,34.37368],[-99.646511,34.382541],[-99.624197,34.373577],[-99.600026,34.374688],[-99.586215,34.387402],[-99.584369,34.408154],[-99.574367,34.418281],[-99.515385,34.414333],[-99.475115,34.39593],[-99.479018,34.075674],[-99.491097,34.065407],[-99.506432,34.077295],[-99.532145,34.074899],[-99.549435,34.055774],[-99.553095,34.061181],[-99.572032,34.0626],[-99.584808,34.079481],[-99.617433,34.083112],[-99.624297,34.096624],[-99.628701,34.092136],[-99.65301,34.098971],[-99.67471,34.088414],[-99.67939,34.093912],[-99.702711,34.093201],[-99.70541,34.098676],[-99.734154,34.093536],[-99.744595,34.101319],[-99.770528,34.092805],[-99.997621,34.224355]]]}},{"type":"Feature","properties":{"name":"Palo Pinto","fips":"48363","state":"TX","state_fips":"48"},"geometry":{"type":"Polygon","coordinates":[[[-98.576256,32.515163],[-98.575616,32.954349],[-98.427211,32.9523],[-98.426553,33.007913],[-98.056094,33.003332],[-98.068545,32.511626],[-98.576256,32.515163]]]}},{"type":"Feature","properties":{"name":"Lubbock","fips":"48303","state":"TX","state_fips":"48"},"geometry":{"type":"Polygon","coordinates":[[[-101.556884,33.39476],[-102.075929,33.389586],[-102.085733,33.824675],[-101.56358,33.830451],[-101.556884,33.39476]]]}},{"type":"Feature","properties":{"name":"Jones","fips":"48253","state":"TX","state_fips":"48"},"geometry":{"type":"Polygon","coordinates":[[[-99.612001,32.956962],[-99.612026,32.514654],[-99.629579,32.514657],[-99.630797,32.520736],[-100.146543,32.522793],[-100.144224,32.959978],[-99.612001,32.956962]]]}},{"type":"Feature","properties":{"name":"Grimes","fips":"48185","state":"TX","state_fips":"48"},"geometry":{"type":"Polygon","coordinates":[[[-96.188314,30.599614],[-96.180368,30.621536],[-96.169117,30.630137],[-96.172992,30.635747],[-96.165556,30.643085],[-96.169508,30.650318],[-96.163978,30.658997],[-96.177946,30.709513],[-96.162064,30.727836],[-96.160224,30.735165],[-96.17057,30.750646],[-96.162644,30.769509],[-96.183641,30.795136],[-96.172463,30.803028],[-96.175536,30.810925],[-96.16837,30.822997],[-95.863059,30.864125],[-95.817308,30.498743],[-95.804393,30.338674],[-95.804306,30.24557],[-96.093165,30.225187],[-96.104367,30.231473],[-96.098571,30.242736],[-96.087671,30.23777],[-96.080839,30.244305],[-96.08605,30.252541],[-96.09912,30.255174],[-96.084049,30.285065],[-96.100321,30.291809],[-96.094404,30.309371],[-96.119506,30.304821],[-96.154438,30.333234],[-96.139812,30.340291],[-96.149693,30.349892],[-96.141639,30.355356],[-96.147255,30.38284],[-96.12941,30.388324],[-96.121478,30.383999],[-96.118262,30.39932],[-96.112343,30.394433],[-96.107914,30.406987],[-96.112194,30.415668],[-96.105601,30.422125],[-96.087926,30.417293],[-96.080009,30.430435],[-96.086791,30.42989],[-96.092821,30.440101],[-96.105196,30.437023],[-96.10534,30.444408],[-96.120202,30.441805],[-96.126509,30.449508],[-96.123073,30.455139],[-96.130018,30.452555],[-96.129483,30.466248],[-96.136151,30.466286],[-96.141089,30.4753],[-96.132504,30.491905],[-96.152643,30.520855],[-96.148421,30.528715],[-96.161231,30.533919],[-96.159764,30.567302],[-96.18462,30.587948],[-96.182475,30.595072],[-96.188314,30.599614]]]}},{"type":"Feature","properties":{"name":"Kimble","fips":"48267","state":"TX","state_fips":"48"},"geometry":{"type":"Polygon","coordinates":[[[-100.116461,30.290296],[-100.116234,30.710366],[-99.483869,30.710771],[-99.484493,30.499641],[-99.303996,30.499832],[-99.301718,30.286653],[-100.116461,30.290296]]]}},{"type":"Feature","properties":{"name":"Hays","fips":"48209","state":"TX","state_fips":"48"},"geometry":{"type":"Polygon","coordinates":[[[-97.849178,29.916],[-97.894381,29.882959],[-97.899132,29.857366],[-97.88961,29.856412],[-97.884348,29.862461],[-97.875259,29.858208],[-97.943564,29.806914],[-97.999271,29.752444],[-98.030523,29.848539],[-98.2976,30.037994],[-98.172977,30.356312],[-97.70879,30.023451],[-97.760705,29.988119],[-97.792435,29.945177],[-97.849178,29.916]]]}},{"type":"Feature","properties":{"name":"Live Oak","fips":"48297","state":"TX","state_fips":"48"},"geometry":{"type":"Polygon","coordinates":[[[-98.335031,28.612658],[-98.098315,28.786949],[-98.005252,28.690239],[-98.089764,28.662979],[-97.808774,28.183415],[-97.904081,28.114228],[-97.897767,28.113331],[-97.896478,28.101022],[-97.908774,28.091866],[-97.895441,28.075869],[-97.901118,28.075883],[-97.901222,28.067837],[-97.883148,28.0569],[-98.334323,28.0578],[-98.335031,28.612658]]]}},{"type":"Feature","properties":{"name":"King","fips":"48269","state":"TX","state_fips":"48"},"geometry":{"type":"Polygon","coordinates":[[[-100.518691,33.83565],[-99.996434,33.835967],[-99.99098,33.397404],[-100.517449,33.397866],[-100.518691,33.83565]]]}},{"type":"Feature","properties":{"name":"Tom Green","fips":"48451","state":"TX","state_fips":"48"},"geometry":{"type":"Polygon","coordinates":[[[-100.115216,31.087994],[-100.688764,31.086576],[-100.693065,31.523954],[-101.267947,31.528688],[-101.26763,31.556462],[-100.865256,31.562294],[-100.861099,31.705418],[-100.814886,31.695873],[-100.235761,31.69297],[-100.233783,31.582196],[-100.111234,31.580267],[-100.115216,31.087994]]]}},{"type":"Feature","properties":{"name":"Kendall","fips":"48259","state":"TX","state_fips":"48"},"geometry":{"type":"Polygon","coordinates":[[[-98.917725,29.781398],[-98.920147,30.13829],[-98.587897,30.138954],[-98.414018,29.937557],[-98.646124,29.745181],[-98.651278,29.754024],[-98.663088,29.74754],[-98.660253,29.741571],[-98.700416,29.737397],[-98.699999,29.732605],[-98.717234,29.725275],[-98.734126,29.729451],[-98.728816,29.722455],[-98.73816,29.716576],[-98.77825,29.720003],[-98.917725,29.781398]]]}},{"type":"Feature","properties":{"name":"Polk","fips":"48373","state":"TX","state_fips":"48"},"geometry":{"type":"Polygon","coordinates":[[[-94.657992,31.012007],[-94.537926,30.491059],[-94.777341,30.489002],[-94.865509,30.495023],[-94.867085,30.511416],[-94.852581,30.524354],[-94.833565,30.530364],[-94.830429,30.541613],[-94.875209,30.546067],[-94.910452,30.561514],[-94.937278,30.557984],[-94.965729,30.576586],[-95.029744,30.579138],[-95.035863,30.587261],[-95.02901,30.591057],[-95.031822,30.597342],[-95.006861,30.608075],[-95.008831,30.627599],[-95.015874,30.627077],[-95.024745,30.648473],[-95.013183,30.648541],[-95.010278,30.656671],[-95.020833,30.654371],[-95.023623,30.660246],[-95.0402,30.663284],[-95.034227,30.674207],[-95.054542,30.671433],[-95.055002,30.680334],[-95.079278,30.669415],[-95.08999,30.671834],[-95.092682,30.662614],[-95.101696,30.658657],[-95.115005,30.661005],[-95.11069,30.671986],[-95.119528,30.677332],[-95.109861,30.694191],[-95.134899,30.693308],[-95.147073,30.71739],[-95.142234,30.729015],[-95.146034,30.742367],[-95.131558,30.757531],[-95.139534,30.774873],[-95.13194,30.783162],[-95.17404,30.807583],[-95.180993,30.818819],[-95.20018,30.824566],[-94.939127,31.042048],[-94.842947,31.146578],[-94.822324,31.14002],[-94.813854,31.130518],[-94.797008,31.131167],[-94.751441,31.105442],[-94.709962,31.105517],[-94.698031,31.096138],[-94.670912,31.09556],[-94.670947,31.088494],[-94.658303,31.08478],[-94.648398,31.098965],[-94.642758,31.087816],[-94.614407,31.085205],[-94.598918,31.06856],[-94.594414,31.072821],[-94.589488,31.066087],[-94.561915,31.063381],[-94.657992,31.012007]]]}},{"type":"Feature","properties":{"name":"Wharton","fips":"48481","state":"TX","state_fips":"48"},"geometry":{"type":"Polygon","coordinates":[[[-95.965196,29.146865],[-96.309178,28.963291],[-96.640315,29.247804],[-96.349217,29.406052],[-96.307672,29.514523],[-96.175964,29.63345],[-96.141837,29.619636],[-96.121626,29.618327],[-96.112582,29.623617],[-96.09484,29.612403],[-96.093416,29.603779],[-96.059832,29.588985],[-96.059998,29.56866],[-96.044596,29.562238],[-96.041161,29.547453],[-96.041338,29.540374],[-96.056423,29.53926],[-96.050737,29.523589],[-96.054189,29.512163],[-96.027202,29.508844],[-96.022328,29.502291],[-96.034803,29.492462],[-96.059575,29.491961],[-96.059891,29.473505],[-96.049873,29.472097],[-96.048512,29.462164],[-96.029517,29.452184],[-96.035411,29.44309],[-96.020453,29.441217],[-96.006916,29.429004],[-95.992049,29.433908],[-95.982124,29.41081],[-95.972407,29.410704],[-95.968481,29.383515],[-95.954862,29.379593],[-95.944135,29.361191],[-95.936549,29.35869],[-95.952584,29.348042],[-95.949771,29.335593],[-95.894111,29.314635],[-95.897541,29.299283],[-95.879193,29.266409],[-95.857234,29.268053],[-95.84196,29.258845],[-95.965196,29.146865]]]}},{"type":"Feature","properties":{"name":"Floyd","fips":"48153","state":"TX","state_fips":"48"},"geometry":{"type":"Polygon","coordinates":[[[-101.56358,33.830451],[-101.564856,34.312493],[-101.041484,34.312444],[-101.041158,33.833625],[-101.56358,33.830451]]]}},{"type":"Feature","properties":{"name":"Grayson","fips":"48181","state":"TX","state_fips":"48"},"geometry":{"type":"Polygon","coordinates":[[[-96.94386,33.41641],[-96.944611,33.949217],[-96.920733,33.959523],[-96.900996,33.938784],[-96.895728,33.896414],[-96.88301,33.868019],[-96.85609,33.84749],[-96.842442,33.851794],[-96.839775,33.868398],[-96.828163,33.874603],[-96.783485,33.863534],[-96.766234,33.825459],[-96.708134,33.83306],[-96.686833,33.857566],[-96.675306,33.909114],[-96.659896,33.916666],[-96.628294,33.894477],[-96.585452,33.891281],[-96.590112,33.880665],[-96.629022,33.852408],[-96.623147,33.841496],[-96.572937,33.819098],[-96.531966,33.823989],[-96.517848,33.806858],[-96.516581,33.788279],[-96.500984,33.772801],[-96.459154,33.775232],[-96.448045,33.781031],[-96.421753,33.775219],[-96.40822,33.750542],[-96.379452,33.725764],[-96.384602,33.397826],[-96.841171,33.405589],[-96.841098,33.413377],[-96.94386,33.41641]]]}},{"type":"Feature","properties":{"name":"Crosby","fips":"48107","state":"TX","state_fips":"48"},"geometry":{"type":"Polygon","coordinates":[[[-101.038788,33.397214],[-101.556884,33.39476],[-101.56358,33.830451],[-101.041158,33.833625],[-101.038788,33.397214]]]}},{"type":"Feature","properties":{"name":"Lavaca","fips":"48285","state":"TX","state_fips":"48"},"geometry":{"type":"Polygon","coordinates":[[[-97.240108,29.384488],[-97.202331,29.507527],[-97.204087,29.580613],[-97.142643,29.628101],[-96.864996,29.632706],[-96.842987,29.616417],[-96.84425,29.608944],[-96.833293,29.595814],[-96.839205,29.584629],[-96.832812,29.576863],[-96.793132,29.577378],[-96.560555,29.335439],[-96.938587,29.063244],[-97.240108,29.384488]]]}},{"type":"Feature","properties":{"name":"Sherman","fips":"48421","state":"TX","state_fips":"48"},"geometry":{"type":"Polygon","coordinates":[[[-101.623466,36.055405],[-102.163015,36.055249],[-102.162463,36.500326],[-101.623915,36.499528],[-101.623466,36.055405]]]}},{"type":"Feature","properties":{"name":"Uvalde","fips":"48463","state":"TX","state_fips":"48"},"geometry":{"type":"Polygon","coordinates":[[[-100.112098,29.623263],[-99.411817,29.627514],[-99.41388,29.091335],[-100.111406,29.086318],[-100.112098,29.623263]]]}},{"type":"Feature","properties":{"name":"Bailey","fips":"48017","state":"TX","state_fips":"48"},"geometry":{"type":"Polygon","coordinates":[[[-103.047409,33.824674],[-103.043762,34.31275],[-102.61515,34.312891],[-102.615447,33.825121],[-103.047409,33.824674]]]}},{"type":"Feature","properties":{"name":"Edwards","fips":"48137","state":"TX","state_fips":"48"},"geometry":{"type":"Polygon","coordinates":[[[-99.967626,30.082356],[-99.973046,30.024591],[-99.989672,30.025747],[-100.002302,29.896828],[-100.023533,29.882958],[-100.022165,29.854074],[-100.034827,29.844065],[-100.0134,29.795921],[-100.02869,29.789385],[-100.036419,29.777126],[-100.021874,29.745468],[-100.029548,29.737086],[-100.024761,29.728113],[-100.030145,29.721117],[-100.063741,29.71106],[-100.046268,29.706487],[-100.044745,29.693802],[-100.017357,29.677557],[-100.030438,29.66397],[-100.008436,29.63706],[-100.014188,29.623495],[-100.699932,29.623897],[-100.700393,30.288276],[-99.754142,30.290698],[-99.757621,30.074132],[-99.918029,30.073637],[-99.917482,30.078597],[-99.967626,30.082356]]]}},{"type":"Feature","properties":{"name":"Shelby","fips":"48419","state":"TX","state_fips":"48"},"geometry":{"type":"Polygon","coordinates":[[[-93.889396,31.8559],[-93.872819,31.836301],[-93.877358,31.832528],[-93.873253,31.814886],[-93.861384,31.812297],[-93.851481,31.80015],[-93.839343,31.80033],[-93.837693,31.780817],[-93.822598,31.773559],[-93.829587,31.764204],[-93.826461,31.759193],[-93.836884,31.750171],[-93.81493,31.728688],[-93.816694,31.707917],[-93.794462,31.70332],[-93.816285,31.67536],[-93.812433,31.670245],[-93.822051,31.673967],[-93.826462,31.666919],[-93.811516,31.647435],[-93.818037,31.647892],[-93.817155,31.621872],[-93.82717,31.620276],[-93.818717,31.614556],[-93.827852,31.616551],[-93.838057,31.606795],[-93.836333,31.585675],[-93.869164,31.599164],[-93.876261,31.596814],[-93.899218,31.61171],[-93.925581,31.590942],[-93.940492,31.59026],[-93.984461,31.569419],[-94.090717,31.620609],[-94.399091,31.653596],[-94.403896,31.659556],[-94.398315,31.661204],[-94.407006,31.665122],[-94.406939,31.695293],[-94.416879,31.706051],[-94.41249,31.746361],[-94.420183,31.764947],[-94.432401,31.775157],[-94.427266,31.777328],[-94.424127,31.800215],[-94.433926,31.824635],[-94.464293,31.857179],[-94.461974,31.871386],[-94.477769,31.886372],[-94.480619,31.902273],[-94.511315,31.924129],[-94.511431,31.973984],[-94.01563,31.979856],[-93.97171,31.920386],[-93.959768,31.923226],[-93.953546,31.910563],[-93.928651,31.912645],[-93.921594,31.904421],[-93.93241,31.893197],[-93.925526,31.894615],[-93.922085,31.886009],[-93.900616,31.896788],[-93.896458,31.886286],[-93.901676,31.87457],[-93.892115,31.875917],[-93.885415,31.865257],[-93.881678,31.868581],[-93.889396,31.8559]]]}},{"type":"Feature","properties":{"name":"Hall","fips":"48191","state":"TX","state_fips":"48"},"geometry":{"type":"Polygon","coordinates":[[[-100.944939,34.748281],[-100.415895,34.747525],[-100.417783,34.313524],[-100.946132,34.312759],[-100.944939,34.748281]]]}},{"type":"Feature","properties":{"name":"Hood","fips":"48221","state":"TX","state_fips":"48"},"geometry":{"type":"Polygon","coordinates":[[[-97.615222,32.318674],[-97.78276,32.316493],[-97.945625,32.233468],[-98.068545,32.511626],[-98.066836,32.558822],[-97.617005,32.555484],[-97.615222,32.318674]]]}},{"type":"Feature","properties":{"name":"Freestone","fips":"48161","state":"TX","state_fips":"48"},"geometry":{"type":"Polygon","coordinates":[[[-95.7873,31.618385],[-96.236629,31.413392],[-96.496713,31.796191],[-96.05478,32.012526],[-96.049045,31.997245],[-96.064804,31.980664],[-96.042914,31.962793],[-96.055892,31.96365],[-96.061908,31.955437],[-96.041451,31.944927],[-96.040837,31.952134],[-96.02193,31.957299],[-96.014512,31.9461],[-96.020889,31.938224],[-96.010521,31.93405],[-96.013442,31.929918],[-96.001401,31.908169],[-96.008332,31.905262],[-96.013842,31.910881],[-96.027622,31.877875],[-96.01918,31.871762],[-96.006926,31.881189],[-96.004667,31.872349],[-95.994127,31.866258],[-95.989117,31.868676],[-95.99091,31.876239],[-95.97029,31.877187],[-95.968119,31.87246],[-95.976912,31.870488],[-95.99446,31.844103],[-95.978493,31.834259],[-95.973041,31.819861],[-95.983574,31.788002],[-95.978905,31.78406],[-95.962814,31.789373],[-95.952566,31.775821],[-95.934656,31.769628],[-95.931026,31.774445],[-95.924607,31.765935],[-95.897333,31.766763],[-95.903336,31.761824],[-95.900079,31.752132],[-95.893927,31.758733],[-95.874718,31.754673],[-95.86679,31.741983],[-95.875617,31.743415],[-95.881025,31.735143],[-95.870039,31.739098],[-95.866561,31.718781],[-95.87521,31.718838],[-95.87485,31.702949],[-95.880931,31.701264],[-95.861985,31.687349],[-95.852779,31.697805],[-95.833718,31.695143],[-95.805732,31.671075],[-95.795202,31.675185],[-95.788749,31.692317],[-95.779678,31.684579],[-95.794081,31.66031],[-95.789519,31.64752],[-95.796653,31.631059],[-95.7886,31.627052],[-95.7873,31.618385]]]}},{"type":"Feature","properties":{"name":"Runnels","fips":"48399","state":"TX","state_fips":"48"},"geometry":{"type":"Polygon","coordinates":[[[-99.721698,31.576759],[-100.235004,31.585486],[-100.235137,32.082372],[-99.713971,32.082089],[-99.721698,31.576759]]]}},{"type":"Feature","properties":{"name":"Terrell","fips":"48443","state":"TX","state_fips":"48"},"geometry":{"type":"Polygon","coordinates":[[[-102.56705,30.052893],[-102.566937,30.283269],[-102.343085,30.284116],[-102.342986,30.598759],[-102.138406,30.597521],[-102.137778,30.655982],[-101.768377,30.652938],[-101.760671,30.658323],[-101.751604,30.649549],[-101.711559,30.654708],[-101.689233,30.63885],[-101.669833,30.637907],[-101.652446,30.620471],[-101.659928,30.613167],[-101.656198,30.604051],[-101.66353,30.588858],[-101.64846,30.56696],[-101.646506,30.551112],[-101.679701,30.522513],[-101.675079,30.502011],[-101.691825,30.491418],[-101.688867,30.46762],[-101.702072,30.457384],[-101.721896,30.471016],[-101.731762,30.467608],[-101.731819,30.46002],[-101.718882,30.454763],[-101.720074,30.44281],[-101.740594,30.421661],[-101.728732,30.408293],[-101.700331,30.401271],[-101.694458,30.393294],[-101.697644,30.380773],[-101.65853,30.357861],[-101.658886,30.342622],[-101.672753,30.339502],[-101.694414,30.346763],[-101.715404,30.339822],[-101.737097,30.326921],[-101.744509,30.301277],[-101.758381,30.289685],[-101.760924,29.781802],[-101.780556,29.789376],[-101.788531,29.779272],[-101.808059,29.781594],[-101.813729,29.793884],[-101.803613,29.803446],[-101.817777,29.811635],[-101.825608,29.807053],[-101.818694,29.7915],[-101.823656,29.787398],[-101.85272,29.807791],[-101.875772,29.793796],[-101.911595,29.79804],[-101.929323,29.782576],[-101.935606,29.799561],[-101.957515,29.795766],[-101.96674,29.812698],[-101.976264,29.81604],[-101.981567,29.81502],[-101.987305,29.796842],[-101.997021,29.806109],[-102.015227,29.797491],[-102.035818,29.804063],[-102.041189,29.799058],[-102.038626,29.791619],[-102.051428,29.784953],[-102.073187,29.786524],[-102.084379,29.795064],[-102.115706,29.792301],[-102.119754,29.802479],[-102.128904,29.79853],[-102.142956,29.803018],[-102.166445,29.825385],[-102.17956,29.82597],[-102.178509,29.839454],[-102.186461,29.848437],[-102.196086,29.836576],[-102.209938,29.844359],[-102.223528,29.84053],[-102.231791,29.848251],[-102.244892,29.848946],[-102.246915,29.86431],[-102.253178,29.853068],[-102.261495,29.853241],[-102.265245,29.867679],[-102.280892,29.862819],[-102.300558,29.877597],[-102.320819,29.878933],[-102.56705,30.052893]]]}},{"type":"Feature","properties":{"name":"Deaf Smith","fips":"48117","state":"TX","state_fips":"48"},"geometry":{"type":"Polygon","coordinates":[[[-103.042955,34.748546],[-103.042511,35.183157],[-102.625635,35.18725],[-102.167471,35.183233],[-102.168838,34.746612],[-103.042955,34.748546]]]}},{"type":"Feature","properties":{"name":"Upshur","fips":"48459","state":"TX","state_fips":"48"},"geometry":{"type":"Polygon","coordinates":[[[-94.990013,32.534262],[-94.998538,32.521915],[-95.011602,32.516477],[-95.022473,32.52185],[-95.015339,32.532809],[-95.015068,32.542872],[-95.020974,32.546726],[-95.026597,32.545819],[-95.024817,32.537],[-95.041341,32.532176],[-95.04452,32.542202],[-95.075322,32.537073],[-95.083871,32.542541],[-95.079116,32.556119],[-95.093259,32.557682],[-95.097559,32.549658],[-95.111025,32.551738],[-95.119292,32.542554],[-95.121874,32.54975],[-95.140095,32.550162],[-95.145684,32.569571],[-95.15341,32.570115],[-95.152243,32.902481],[-94.719942,32.904502],[-94.706822,32.894928],[-94.709711,32.870485],[-94.706318,32.861379],[-94.698329,32.860162],[-94.698976,32.845062],[-94.672351,32.834756],[-94.702138,32.820515],[-94.70179,32.652209],[-94.703889,32.65813],[-94.727666,32.655206],[-94.746136,32.66754],[-94.747047,32.660261],[-94.758502,32.659793],[-94.820223,32.590648],[-94.990013,32.534262]]]}},{"type":"Feature","properties":{"name":"Lamb","fips":"48279","state":"TX","state_fips":"48"},"geometry":{"type":"Polygon","coordinates":[[[-102.615447,33.825121],[-102.61515,34.312891],[-102.090415,34.313132],[-102.085733,33.824675],[-102.615447,33.825121]]]}},{"type":"Feature","properties":{"name":"Austin","fips":"48015","state":"TX","state_fips":"48"},"geometry":{"type":"Polygon","coordinates":[[[-96.119965,29.843804],[-96.12071,29.835161],[-96.109232,29.823197],[-96.098172,29.826728],[-96.102496,29.809665],[-96.046947,29.80099],[-96.029596,29.754666],[-96.040073,29.73815],[-96.033131,29.718404],[-96.007109,29.716677],[-96.005986,29.703855],[-96.022838,29.704452],[-96.014524,29.693589],[-96.017313,29.679554],[-96.032157,29.688524],[-96.059808,29.678566],[-96.046084,29.665513],[-96.030906,29.675187],[-96.016769,29.667491],[-96.020016,29.659167],[-96.033158,29.658184],[-96.014753,29.641669],[-96.016438,29.627104],[-96.024168,29.622025],[-96.02485,29.602877],[-96.090139,29.60195],[-96.110317,29.622903],[-96.122154,29.618288],[-96.142152,29.619719],[-96.156265,29.629532],[-96.165357,29.626522],[-96.199251,29.656472],[-96.224679,29.66489],[-96.240354,29.657821],[-96.259301,29.668945],[-96.277769,29.700108],[-96.270462,29.705833],[-96.270117,29.71658],[-96.291544,29.728064],[-96.290528,29.734187],[-96.298778,29.738042],[-96.297194,29.749718],[-96.31184,29.756357],[-96.319628,29.775652],[-96.314663,29.786014],[-96.337384,29.801272],[-96.330869,29.814449],[-96.343159,29.82962],[-96.359162,29.818869],[-96.379938,29.825512],[-96.412691,29.824655],[-96.440802,29.853614],[-96.460523,29.854674],[-96.4743,29.867415],[-96.485091,29.867335],[-96.535705,29.907326],[-96.62198,30.044283],[-96.594141,30.071022],[-96.585899,30.064668],[-96.518814,30.065198],[-96.28914,30.096823],[-96.271221,30.094113],[-96.259462,30.075749],[-96.228862,30.075718],[-96.209964,30.062305],[-96.206786,30.066961],[-96.190179,30.064906],[-96.165754,30.053229],[-96.145926,30.07018],[-96.138949,30.056939],[-96.11205,30.046258],[-96.107057,30.036149],[-96.113221,30.026997],[-96.09663,30.027613],[-96.084541,30.005137],[-96.091567,29.998218],[-96.101124,30.004057],[-96.104516,29.996378],[-96.095703,29.978139],[-96.102898,29.967178],[-96.092768,29.961488],[-96.126038,29.964969],[-96.11946,29.955017],[-96.106352,29.9555],[-96.100796,29.943526],[-96.108436,29.94063],[-96.122905,29.949026],[-96.131125,29.938731],[-96.11317,29.914356],[-96.12383,29.907149],[-96.125949,29.897709],[-96.10434,29.882641],[-96.092476,29.881821],[-96.112227,29.872557],[-96.110202,29.858672],[-96.100939,29.852514],[-96.119965,29.843804]]]}},{"type":"Feature","properties":{"name":"Hutchinson","fips":"48233","state":"TX","state_fips":"48"},"geometry":{"type":"Polygon","coordinates":[[[-101.623466,36.052623],[-101.085735,36.055276],[-101.086068,35.625267],[-101.622831,35.624057],[-101.623466,36.052623]]]}},{"type":"Feature","properties":{"name":"Webb","fips":"48479","state":"TX","state_fips":"48"},"geometry":{"type":"Polygon","coordinates":[[[-100.212189,28.196837],[-99.394177,28.204627],[-99.388946,28.030419],[-98.803325,28.05748],[-98.798087,27.268012],[-99.33361,27.273223],[-99.370621,27.319174],[-99.453794,27.265058],[-99.463309,27.268437],[-99.48791,27.260721],[-99.49669,27.272435],[-99.487592,27.289602],[-99.49202,27.300666],[-99.500951,27.306008],[-99.528473,27.305417],[-99.538035,27.316961],[-99.504575,27.338741],[-99.507779,27.354247],[-99.492144,27.380517],[-99.487521,27.411572],[-99.495104,27.451518],[-99.479251,27.478635],[-99.481288,27.488468],[-99.496826,27.500106],[-99.528392,27.49855],[-99.521919,27.544094],[-99.512132,27.568288],[-99.529711,27.579761],[-99.539722,27.603281],[-99.554945,27.614456],[-99.561233,27.607569],[-99.584843,27.603903],[-99.577636,27.618597],[-99.591372,27.627464],[-99.596231,27.639858],[-99.616069,27.637681],[-99.624311,27.644001],[-99.625112,27.63138],[-99.638929,27.626758],[-99.666108,27.636088],[-99.658295,27.650158],[-99.668942,27.659974],[-99.685813,27.661015],[-99.690158,27.668864],[-99.699356,27.655417],[-99.711511,27.658365],[-99.77074,27.732134],[-99.796342,27.735586],[-99.813118,27.773997],[-99.819092,27.776019],[-99.826022,27.764327],[-99.838791,27.764181],[-99.850877,27.793974],[-99.876761,27.797845],[-99.8772,27.84218],[-99.901486,27.864162],[-99.904385,27.875284],[-99.893456,27.899208],[-99.90008,27.912142],[-99.917461,27.917973],[-99.926555,27.935701],[-99.937142,27.940537],[-99.931811,27.980968],[-99.962768,27.983537],[-99.991447,27.99456],[-100.008631,28.023964],[-100.017913,28.064788],[-100.053122,28.084731],[-100.056492,28.104187],[-100.084328,28.144819],[-100.141099,28.168148],[-100.160589,28.16816],[-100.212189,28.196837]]]}},{"type":"Feature","properties":{"name":"Donley","fips":"48129","state":"TX","state_fips":"48"},"geometry":{"type":"Polygon","coordinates":[[[-101.090753,34.749809],[-101.086281,35.18214],[-100.538978,35.183144],[-100.540703,34.747723],[-101.090753,34.749809]]]}},{"type":"Feature","properties":{"name":"Kent","fips":"48263","state":"TX","state_fips":"48"},"geometry":{"type":"Polygon","coordinates":[[[-101.03866,32.970225],[-101.038788,33.397214],[-100.517449,33.397866],[-100.519208,32.962926],[-100.990181,32.965023],[-101.03866,32.970225]]]}},{"type":"Feature","properties":{"name":"El Paso","fips":"48141","state":"TX","state_fips":"48"},"geometry":{"type":"Polygon","coordinates":[[[-106.645604,31.896394],[-106.612865,31.920372],[-106.629742,31.926567],[-106.622529,31.934863],[-106.623659,31.94551],[-106.614321,31.951615],[-106.614375,31.955991],[-106.625123,31.95453],[-106.619569,31.971577],[-106.630102,31.971258],[-106.639536,31.980343],[-106.618486,32.000495],[-105.998012,32.002377],[-105.993255,31.478392],[-105.959262,31.478417],[-105.958548,31.423461],[-105.954328,31.423468],[-105.997152,31.38723],[-106.005503,31.392669],[-106.079207,31.398234],[-106.107775,31.422383],[-106.132475,31.425011],[-106.157418,31.437712],[-106.175114,31.455285],[-106.204954,31.464991],[-106.2372,31.513735],[-106.246477,31.54161],[-106.280875,31.562323],[-106.303355,31.622173],[-106.334151,31.662927],[-106.349095,31.696033],[-106.372311,31.71245],[-106.380005,31.731133],[-106.452055,31.764523],[-106.466895,31.759613],[-106.473535,31.750323],[-106.491155,31.749303],[-106.510173,31.76135],[-106.528519,31.781433],[-106.527402,31.790011],[-106.54714,31.807299],[-106.566472,31.813433],[-106.577244,31.810406],[-106.589061,31.822708],[-106.602806,31.825018],[-106.601695,31.84437],[-106.614788,31.846413],[-106.63592,31.866233],[-106.629191,31.883699],[-106.645604,31.896394]]]}},{"type":"Feature","properties":{"name":"Loving","fips":"48301","state":"TX","state_fips":"48"},"geometry":{"type":"Polygon","coordinates":[[[-103.98406,31.99342],[-103.980179,32.000125],[-103.326501,32.000369],[-103.327538,31.65142],[-103.615997,31.650681],[-103.619184,31.664396],[-103.632275,31.673341],[-103.635403,31.684146],[-103.635639,31.690287],[-103.620827,31.689075],[-103.626382,31.705682],[-103.669083,31.715267],[-103.691188,31.747589],[-103.745744,31.738759],[-103.7461,31.744015],[-103.758314,31.744805],[-103.756962,31.751379],[-103.76312,31.749111],[-103.766148,31.760817],[-103.770859,31.757551],[-103.770514,31.762516],[-103.781735,31.764262],[-103.777954,31.768686],[-103.783144,31.774724],[-103.797232,31.770187],[-103.809458,31.794317],[-103.808403,31.826809],[-103.821299,31.837267],[-103.812655,31.85405],[-103.828556,31.862289],[-103.829385,31.887992],[-103.857533,31.882219],[-103.876633,31.865188],[-103.883213,31.866258],[-103.88145,31.891096],[-103.912248,31.902424],[-103.922396,31.942527],[-103.940896,31.944546],[-103.948592,31.954483],[-103.941129,31.961357],[-103.950089,31.986838],[-103.974457,31.979206],[-103.98406,31.99342]]]}},{"type":"Feature","properties":{"name":"Dickens","fips":"48125","state":"TX","state_fips":"48"},"geometry":{"type":"Polygon","coordinates":[[[-101.041158,33.833625],[-100.518691,33.83565],[-100.517449,33.397866],[-101.038788,33.397214],[-101.041158,33.833625]]]}},{"type":"Feature","properties":{"name":"La Salle","fips":"48283","state":"TX","state_fips":"48"},"geometry":{"type":"Polygon","coordinates":[[[-99.388946,28.030419],[-99.395736,28.640784],[-98.800841,28.647487],[-98.803325,28.05748],[-99.388946,28.030419]]]}},{"type":"Feature","properties":{"name":"Newton","fips":"48351","state":"TX","state_fips":"48"},"geometry":{"type":"Polygon","coordinates":[[[-93.911126,31.158071],[-93.600159,31.176167],[-93.587998,31.165515],[-93.549984,31.186627],[-93.53428,31.185425],[-93.531318,31.179806],[-93.542933,31.171277],[-93.536481,31.158471],[-93.5487,31.155839],[-93.53787,31.12657],[-93.539366,31.115207],[-93.549067,31.100219],[-93.558179,31.097983],[-93.558316,31.096481],[-93.554628,31.095188],[-93.553722,31.093869],[-93.563746,31.094522],[-93.555815,31.086965],[-93.549262,31.090412],[-93.552205,31.078931],[-93.527645,31.07451],[-93.518912,31.061863],[-93.531628,31.053627],[-93.518899,31.043736],[-93.524739,31.039007],[-93.508141,31.030245],[-93.532457,31.019719],[-93.539184,31.008212],[-93.549377,31.010143],[-93.555927,31.003744],[-93.566561,31.013057],[-93.578207,30.999995],[-93.564299,30.9897],[-93.573537,30.971206],[-93.549841,30.967118],[-93.543122,30.95674],[-93.531758,30.958217],[-93.526013,30.937535],[-93.532008,30.923754],[-93.543423,30.920153],[-93.545718,30.9271],[-93.558562,30.913238],[-93.549202,30.897439],[-93.566316,30.894839],[-93.57408,30.884529],[-93.570604,30.875193],[-93.563233,30.874867],[-93.564504,30.86864],[-93.558616,30.869424],[-93.562147,30.859332],[-93.557314,30.852081],[-93.568717,30.844182],[-93.553626,30.83514],[-93.554433,30.823524],[-93.564164,30.817541],[-93.56298,30.806009],[-93.583775,30.801779],[-93.581921,30.788979],[-93.589381,30.786676],[-93.583165,30.778596],[-93.592714,30.775095],[-93.592101,30.763675],[-93.614346,30.760195],[-93.608414,30.746664],[-93.619031,30.740338],[-93.609134,30.730039],[-93.617719,30.728897],[-93.609814,30.727339],[-93.613644,30.722143],[-93.605391,30.717159],[-93.617229,30.71858],[-93.624676,30.699937],[-93.620442,30.694142],[-93.629887,30.679935],[-93.648584,30.667647],[-93.654972,30.670185],[-93.682972,30.641251],[-93.681983,30.618584],[-93.689134,30.611406],[-93.678949,30.593637],[-93.686573,30.58572],[-93.692222,30.585706],[-93.687804,30.590138],[-93.692869,30.594382],[-93.713782,30.587584],[-93.715068,30.579018],[-93.727844,30.57407],[-93.723945,30.559224],[-93.731423,30.552861],[-93.72876,30.545296],[-93.740253,30.539569],[-93.716473,30.519231],[-93.707683,30.521337],[-93.711762,30.510915],[-93.706809,30.507069],[-93.715145,30.501268],[-93.708669,30.499124],[-93.717069,30.494449],[-93.709763,30.482649],[-93.717421,30.483822],[-93.711854,30.469437],[-93.699036,30.458805],[-93.706339,30.458141],[-93.702103,30.449759],[-93.707465,30.445045],[-93.697578,30.442233],[-93.702329,30.42984],[-93.712747,30.433175],[-93.718051,30.422579],[-93.726106,30.43072],[-93.722749,30.419557],[-93.757668,30.390441],[-93.754857,30.366091],[-93.759216,30.36802],[-93.750979,30.359899],[-93.760779,30.35985],[-93.759533,30.342323],[-93.765655,30.343409],[-93.758658,30.339019],[-93.765829,30.332745],[-93.751676,30.329347],[-93.756198,30.326004],[-93.740918,30.30723],[-93.742424,30.301139],[-93.715521,30.295629],[-93.712908,30.287939],[-93.705142,30.290921],[-93.709419,30.281917],[-93.70406,30.279417],[-93.710416,30.273172],[-93.702983,30.260517],[-93.706993,30.243736],[-93.901452,30.242672],[-93.87518,30.672064],[-93.865711,30.947218],[-93.911126,31.158071]]]}},{"type":"Feature","properties":{"name":"Hockley","fips":"48219","state":"TX","state_fips":"48"},"geometry":{"type":"Polygon","coordinates":[[[-102.075929,33.389586],[-102.594836,33.388489],[-102.615447,33.825121],[-102.085733,33.824675],[-102.075929,33.389586]]]}},{"type":"Feature","properties":{"name":"Guadalupe","fips":"48187","state":"TX","state_fips":"48"},"geometry":{"type":"Polygon","coordinates":[[[-97.840383,29.376791],[-98.084684,29.379594],[-98.11307,29.36533],[-98.130483,29.39784],[-98.12828,29.411705],[-98.136584,29.429748],[-98.131611,29.433519],[-98.13407,29.441905],[-98.120652,29.446712],[-98.126966,29.455727],[-98.117064,29.461743],[-98.122555,29.47797],[-98.12793,29.482585],[-98.13603,29.479139],[-98.142408,29.486491],[-98.149524,29.475766],[-98.150893,29.480602],[-98.164638,29.478091],[-98.17023,29.497864],[-98.183738,29.496116],[-98.176923,29.485399],[-98.183393,29.484998],[-98.190947,29.509551],[-98.199393,29.509661],[-98.196872,29.515626],[-98.204779,29.52215],[-98.219147,29.52393],[-98.222347,29.538464],[-98.229741,29.542935],[-98.221908,29.543817],[-98.222653,29.549032],[-98.229565,29.54669],[-98.232539,29.554019],[-98.243162,29.557052],[-98.251279,29.549821],[-98.258701,29.554759],[-98.254436,29.540652],[-98.268855,29.544684],[-98.298524,29.561141],[-98.303971,29.584533],[-98.312013,29.591497],[-98.089941,29.683479],[-97.999216,29.752485],[-97.943564,29.806914],[-97.875259,29.858208],[-97.868885,29.851357],[-97.863718,29.856279],[-97.83671,29.827158],[-97.846362,29.808648],[-97.842351,29.799224],[-97.830265,29.795533],[-97.829599,29.779956],[-97.817138,29.790383],[-97.814805,29.78019],[-97.80565,29.777058],[-97.810447,29.7729],[-97.800279,29.766207],[-97.803597,29.753731],[-97.780767,29.759116],[-97.78219,29.747865],[-97.768564,29.74163],[-97.772287,29.733797],[-97.758696,29.725519],[-97.768475,29.720052],[-97.763364,29.713042],[-97.756548,29.717825],[-97.748988,29.711103],[-97.738426,29.712956],[-97.736797,29.702219],[-97.743286,29.696967],[-97.722739,29.682151],[-97.704262,29.682422],[-97.706075,29.67455],[-97.698305,29.666708],[-97.692674,29.673365],[-97.680498,29.663623],[-97.677788,29.668785],[-97.673183,29.663159],[-97.665002,29.668801],[-97.656656,29.662613],[-97.652873,29.667936],[-97.647628,29.661066],[-97.653443,29.660364],[-97.651755,29.654025],[-97.630985,29.651684],[-97.840383,29.376791]]]}},{"type":"Feature","properties":{"name":"Lampasas","fips":"48281","state":"TX","state_fips":"48"},"geometry":{"type":"Polygon","coordinates":[[[-98.180006,31.463717],[-97.9071,31.069374],[-97.913847,31.065882],[-97.911689,31.035009],[-98.439711,31.029647],[-98.44759,31.0414],[-98.47494,31.0528],[-98.48404,31.06301],[-98.472466,31.076255],[-98.456419,31.078699],[-98.45784,31.08872],[-98.470531,31.094441],[-98.455598,31.110905],[-98.470024,31.106888],[-98.480771,31.119217],[-98.488249,31.11416],[-98.49893,31.11854],[-98.51829,31.0927],[-98.52646,31.09012],[-98.547715,31.128363],[-98.52782,31.13748],[-98.527641,31.155313],[-98.51127,31.15515],[-98.504,31.16563],[-98.519688,31.164958],[-98.542981,31.174904],[-98.53547,31.18603],[-98.53942,31.19252],[-98.557643,31.192259],[-98.569645,31.203269],[-98.562732,31.230443],[-98.266794,31.410521],[-98.27107,31.416398],[-98.180006,31.463717]]]}},{"type":"Feature","properties":{"name":"Goliad","fips":"48175","state":"TX","state_fips":"48"},"geometry":{"type":"Polygon","coordinates":[[[-97.170695,28.736868],[-97.182359,28.610602],[-97.17581,28.594265],[-97.16194,28.585411],[-97.171237,28.586714],[-97.165757,28.581299],[-97.170245,28.577535],[-97.153773,28.569778],[-97.16417,28.565076],[-97.160751,28.553475],[-97.375579,28.388684],[-97.386895,28.390278],[-97.389772,28.397078],[-97.399678,28.392306],[-97.398908,28.404909],[-97.42028,28.404083],[-97.428292,28.412875],[-97.446447,28.402857],[-97.450428,28.409213],[-97.462631,28.409688],[-97.470127,28.425007],[-97.48521,28.436391],[-97.517853,28.431972],[-97.523833,28.440345],[-97.520847,28.446414],[-97.551474,28.450479],[-97.553633,28.502231],[-97.563024,28.516408],[-97.623081,28.529588],[-97.646259,28.520851],[-97.669671,28.535473],[-97.696572,28.541537],[-97.713048,28.586406],[-97.728882,28.610493],[-97.731603,28.628063],[-97.750607,28.639235],[-97.754593,28.654165],[-97.766548,28.664746],[-97.77853,28.668027],[-97.41734,28.925228],[-97.401719,28.915742],[-97.384579,28.916836],[-97.384011,28.907417],[-97.355049,28.89754],[-97.353057,28.891633],[-97.339985,28.895647],[-97.324436,28.882449],[-97.325499,28.874837],[-97.311522,28.878282],[-97.311695,28.869608],[-97.297589,28.860472],[-97.298164,28.852886],[-97.30488,28.850732],[-97.300508,28.844109],[-97.259483,28.84726],[-97.252292,28.857892],[-97.234987,28.854118],[-97.234236,28.86528],[-97.203514,28.854445],[-97.186337,28.833351],[-97.190182,28.812473],[-97.175402,28.78959],[-97.160649,28.78258],[-97.166706,28.750269],[-97.178408,28.738081],[-97.170695,28.736868]]]}},{"type":"Feature","properties":{"name":"Roberts","fips":"48393","state":"TX","state_fips":"48"},"geometry":{"type":"Polygon","coordinates":[[[-101.085935,35.619102],[-101.085716,36.057572],[-100.540221,36.056491],[-100.540158,35.619296],[-101.085935,35.619102]]]}},{"type":"Feature","properties":{"name":"Eastland","fips":"48133","state":"TX","state_fips":"48"},"geometry":{"type":"Polygon","coordinates":[[[-98.474685,32.299084],[-98.924401,32.078018],[-99.118665,32.079585],[-99.114293,32.514811],[-98.475177,32.513039],[-98.474685,32.299084]]]}},{"type":"Feature","properties":{"name":"DeWitt","fips":"48123","state":"TX","state_fips":"48"},"geometry":{"type":"Polygon","coordinates":[[[-96.976378,29.104046],[-97.305916,28.864037],[-97.310821,28.87776],[-97.325499,28.874837],[-97.324436,28.882449],[-97.339985,28.895647],[-97.353057,28.891633],[-97.355049,28.89754],[-97.384011,28.907417],[-97.384579,28.916836],[-97.401719,28.915742],[-97.41734,28.925228],[-97.574639,28.8133],[-97.75511,29.007113],[-97.240108,29.384488],[-96.976378,29.104046]]]}},{"type":"Feature","properties":{"name":"Angelina","fips":"48005","state":"TX","state_fips":"48"},"geometry":{"type":"Polygon","coordinates":[[[-94.129632,31.09928],[-94.472883,31.026088],[-94.485457,31.03136],[-94.491836,31.044912],[-94.508667,31.0432],[-94.526727,31.055861],[-94.536818,31.051889],[-94.547731,31.059189],[-94.547706,31.053475],[-94.553282,31.054438],[-94.574331,31.068617],[-94.589488,31.066087],[-94.594414,31.072821],[-94.598918,31.06856],[-94.614407,31.085205],[-94.642758,31.087816],[-94.648398,31.098965],[-94.658303,31.08478],[-94.670947,31.088494],[-94.670912,31.09556],[-94.698031,31.096138],[-94.709962,31.105517],[-94.751441,31.105442],[-94.797008,31.131167],[-94.813854,31.130518],[-94.822758,31.140224],[-94.856555,31.150075],[-94.849959,31.154883],[-94.85516,31.172433],[-94.849997,31.17119],[-94.850062,31.178372],[-94.86636,31.208672],[-94.85835,31.220567],[-94.86465,31.22565],[-94.860501,31.234955],[-94.875072,31.250331],[-94.880605,31.247512],[-94.884544,31.255679],[-94.897678,31.258011],[-94.887747,31.276814],[-94.876713,31.283394],[-94.886168,31.295661],[-94.894681,31.291708],[-94.901554,31.313069],[-94.897052,31.323597],[-94.909502,31.337059],[-94.95782,31.342847],[-94.955311,31.349774],[-94.961266,31.352814],[-94.949802,31.359822],[-94.958598,31.363624],[-94.957464,31.378691],[-94.949743,31.381454],[-94.966254,31.391205],[-94.965759,31.396604],[-94.977984,31.399571],[-94.976871,31.40928],[-95.004883,31.42396],[-94.865857,31.526916],[-94.861038,31.514582],[-94.851074,31.505173],[-94.840041,31.507721],[-94.822765,31.483912],[-94.803928,31.49046],[-94.792518,31.479259],[-94.777269,31.48052],[-94.764509,31.469221],[-94.755536,31.471683],[-94.733807,31.465343],[-94.728594,31.457178],[-94.695488,31.451706],[-94.674147,31.452454],[-94.664422,31.459607],[-94.660266,31.452354],[-94.62793,31.438852],[-94.588371,31.447639],[-94.581452,31.433189],[-94.544888,31.431715],[-94.537559,31.39863],[-94.502815,31.410766],[-94.486772,31.389767],[-94.469471,31.383826],[-94.466351,31.375494],[-94.471458,31.373684],[-94.455964,31.351893],[-94.458201,31.341185],[-94.45234,31.340421],[-94.447706,31.317796],[-94.395187,31.301861],[-94.385391,31.290009],[-94.383027,31.274109],[-94.357631,31.25959],[-94.357193,31.246925],[-94.35052,31.247456],[-94.334438,31.222825],[-94.312559,31.223739],[-94.312354,31.217864],[-94.29445,31.212649],[-94.288596,31.201582],[-94.269863,31.19624],[-94.262206,31.180334],[-94.250572,31.18828],[-94.248935,31.177171],[-94.238775,31.180343],[-94.218997,31.173265],[-94.216233,31.160217],[-94.202915,31.153972],[-94.207134,31.150468],[-94.178593,31.123963],[-94.165497,31.123957],[-94.157606,31.114584],[-94.144241,31.11516],[-94.140204,31.104549],[-94.130336,31.105124],[-94.129632,31.09928]]]}},{"type":"Feature","properties":{"name":"McLennan","fips":"48309","state":"TX","state_fips":"48"},"geometry":{"type":"Polygon","coordinates":[[[-96.801123,31.522269],[-97.343426,31.244215],[-97.418606,31.320202],[-97.60523,31.587762],[-97.037266,31.863079],[-96.801123,31.522269]]]}},{"type":"Feature","properties":{"name":"Medina","fips":"48325","state":"TX","state_fips":"48"},"geometry":{"type":"Polygon","coordinates":[[[-99.413863,29.093007],[-99.411817,29.627514],[-98.983787,29.62345],[-98.975697,29.609778],[-98.986713,29.586931],[-98.978871,29.57761],[-98.985944,29.567048],[-98.971383,29.551842],[-98.962501,29.559879],[-98.927161,29.56225],[-98.806552,29.690709],[-98.8049,29.090434],[-99.413863,29.093007]]]}},{"type":"Feature","properties":{"name":"Knox","fips":"48275","state":"TX","state_fips":"48"},"geometry":{"type":"Polygon","coordinates":[[[-99.472444,33.399023],[-99.99098,33.397404],[-99.996434,33.835967],[-99.835143,33.8358],[-99.83262,33.817397],[-99.810356,33.827493],[-99.794851,33.816567],[-99.78969,33.819606],[-99.79565,33.82408],[-99.770938,33.817264],[-99.758239,33.823931],[-99.751551,33.809498],[-99.758374,33.803465],[-99.747257,33.80293],[-99.739626,33.81167],[-99.725507,33.797422],[-99.722299,33.814363],[-99.708365,33.810435],[-99.711862,33.797852],[-99.699505,33.800388],[-99.697071,33.826019],[-99.685332,33.8273],[-99.663898,33.808071],[-99.652534,33.818317],[-99.636081,33.817244],[-99.634461,33.802671],[-99.597949,33.796866],[-99.599037,33.787422],[-99.582085,33.784408],[-99.57758,33.802698],[-99.574211,33.793383],[-99.563545,33.789839],[-99.556644,33.798342],[-99.544475,33.795494],[-99.545785,33.780619],[-99.524937,33.783806],[-99.519773,33.76819],[-99.50604,33.771968],[-99.500616,33.763628],[-99.493801,33.768198],[-99.484262,33.750358],[-99.475738,33.752495],[-99.472444,33.399023]]]}},{"type":"Feature","properties":{"name":"Dallam","fips":"48111","state":"TX","state_fips":"48"},"geometry":{"type":"Polygon","coordinates":[[[-103.041711,36.496928],[-102.162463,36.500326],[-102.163015,36.055249],[-103.041062,36.055226],[-103.041711,36.496928]]]}},{"type":"Feature","properties":{"name":"Smith","fips":"48423","state":"TX","state_fips":"48"},"geometry":{"type":"Polygon","coordinates":[[[-94.985272,32.137989],[-95.459908,32.135559],[-95.477914,32.146209],[-95.47097,32.178655],[-95.461556,32.182898],[-95.46827,32.190481],[-95.462456,32.201543],[-95.470529,32.204068],[-95.470147,32.212086],[-95.478936,32.212223],[-95.488733,32.232486],[-95.467584,32.24663],[-95.469949,32.262124],[-95.457268,32.273111],[-95.446969,32.295807],[-95.458738,32.328429],[-95.447563,32.347298],[-95.449099,32.35946],[-95.456548,32.368236],[-95.470996,32.369214],[-95.493687,32.389463],[-95.506931,32.414935],[-95.524791,32.421168],[-95.552778,32.453601],[-95.572885,32.461441],[-95.5943,32.479858],[-95.594541,32.687026],[-95.584308,32.681866],[-95.582964,32.674236],[-95.570939,32.675886],[-95.564924,32.664771],[-95.54223,32.654953],[-95.542096,32.646894],[-95.524276,32.643665],[-95.511683,32.632807],[-95.514808,32.622919],[-95.475844,32.611342],[-95.474683,32.606098],[-95.442764,32.607718],[-95.446747,32.613733],[-95.43198,32.605902],[-95.428354,32.610256],[-95.399419,32.606395],[-95.375217,32.597409],[-95.374691,32.603037],[-95.34595,32.609291],[-95.344179,32.603761],[-95.331217,32.605672],[-95.319014,32.595557],[-95.297729,32.591565],[-95.278141,32.571576],[-95.250314,32.577727],[-95.238235,32.560611],[-95.218964,32.563125],[-95.204964,32.572369],[-95.206333,32.558106],[-95.183548,32.540968],[-95.175817,32.555424],[-95.164973,32.544583],[-95.158349,32.566325],[-95.150141,32.572294],[-95.140095,32.550162],[-95.121874,32.54975],[-95.119292,32.542554],[-95.111025,32.551738],[-95.097559,32.549658],[-95.093259,32.557682],[-95.079116,32.556119],[-95.083871,32.542541],[-95.075322,32.537073],[-95.04452,32.542202],[-95.041341,32.532176],[-95.024817,32.537],[-95.026597,32.545819],[-95.020974,32.546726],[-95.015068,32.542872],[-95.015339,32.532809],[-95.022473,32.52185],[-95.011602,32.516477],[-94.998538,32.521915],[-94.986935,32.537246],[-94.985272,32.137989]]]}},{"type":"Feature","properties":{"name":"Robertson","fips":"48395","state":"TX","state_fips":"48"},"geometry":{"type":"Polygon","coordinates":[[[-96.8311,31.10234],[-96.319165,31.357129],[-96.317187,31.323278],[-96.326046,31.311026],[-96.317289,31.301694],[-96.328592,31.298638],[-96.327988,31.28647],[-96.313833,31.270994],[-96.33109,31.25223],[-96.314047,31.228914],[-96.319549,31.222378],[-96.310432,31.217201],[-96.311746,31.198121],[-96.297136,31.181416],[-96.301475,31.179012],[-96.296771,31.175075],[-96.299187,31.148016],[-96.276938,31.116188],[-96.277454,31.087658],[-96.268936,31.077681],[-96.252858,31.07304],[-96.255466,31.065521],[-96.241568,31.057092],[-96.246556,31.051611],[-96.240034,31.04763],[-96.258356,31.022987],[-96.260528,31.006538],[-96.24719,31.006204],[-96.246428,30.998077],[-96.235128,30.995171],[-96.24102,30.973737],[-96.349483,30.911306],[-96.365642,30.884547],[-96.387408,30.864012],[-96.422893,30.793509],[-96.45763,30.744474],[-96.566983,30.69567],[-96.570369,30.702942],[-96.596182,30.715305],[-96.59703,30.727361],[-96.619731,30.729188],[-96.63292,30.74127],[-96.62565,30.74999],[-96.61484,30.75016],[-96.61251,30.75866],[-96.625249,30.780767],[-96.642288,30.776886],[-96.648322,30.780966],[-96.647545,30.790377],[-96.636186,30.797861],[-96.64128,30.818051],[-96.670192,30.833871],[-96.670047,30.841721],[-96.678709,30.843359],[-96.694853,30.864517],[-96.695002,30.878053],[-96.6822,30.882],[-96.697221,30.898417],[-96.68589,30.897021],[-96.684868,30.906045],[-96.69756,30.90879],[-96.71576,30.89732],[-96.72621,30.89852],[-96.73403,30.902929],[-96.730643,30.91611],[-96.743734,30.915661],[-96.756901,30.927947],[-96.755881,30.945536],[-96.772362,30.969065],[-96.759565,30.978286],[-96.756337,30.988819],[-96.747959,30.990447],[-96.746378,30.999575],[-96.755709,31.005378],[-96.77131,31.00214],[-96.770288,31.026861],[-96.779735,31.033379],[-96.767149,31.042829],[-96.768219,31.048859],[-96.784017,31.048243],[-96.79159,31.06508],[-96.820333,31.060955],[-96.809292,31.080471],[-96.8311,31.10234]]]}},{"type":"Feature","properties":{"name":"Gillespie","fips":"48171","state":"TX","state_fips":"48"},"geometry":{"type":"Polygon","coordinates":[[[-98.587897,30.138954],[-99.300988,30.134298],[-99.303996,30.499832],[-98.59167,30.499875],[-98.587897,30.138954]]]}},{"type":"Feature","properties":{"name":"Falls","fips":"48145","state":"TX","state_fips":"48"},"geometry":{"type":"Polygon","coordinates":[[[-96.829603,31.110411],[-97.070057,30.986031],[-97.278113,31.279799],[-96.801123,31.522269],[-96.596862,31.2209],[-96.830497,31.10522],[-96.829603,31.110411]]]}},{"type":"Feature","properties":{"name":"Blanco","fips":"48031","state":"TX","state_fips":"48"},"geometry":{"type":"Polygon","coordinates":[[[-98.59167,30.499875],[-98.411462,30.502095],[-98.125556,30.426186],[-98.173025,30.356244],[-98.2976,30.037994],[-98.414018,29.937557],[-98.587897,30.138954],[-98.59167,30.499875]]]}},{"type":"Feature","properties":{"name":"Lamar","fips":"48277","state":"TX","state_fips":"48"},"geometry":{"type":"Polygon","coordinates":[[[-95.857738,33.461722],[-95.85505,33.827939],[-95.846536,33.839855],[-95.831466,33.834817],[-95.822047,33.838554],[-95.820885,33.856287],[-95.815571,33.859853],[-95.797614,33.86059],[-95.770239,33.845202],[-95.758249,33.849374],[-95.751342,33.860287],[-95.762467,33.881144],[-95.752153,33.894577],[-95.733183,33.896447],[-95.700635,33.885845],[-95.684579,33.890646],[-95.665478,33.909004],[-95.632774,33.904815],[-95.616367,33.927626],[-95.603138,33.9292],[-95.594085,33.943057],[-95.55421,33.926958],[-95.547832,33.901856],[-95.551216,33.889713],[-95.544141,33.880603],[-95.532622,33.881521],[-95.509526,33.897586],[-95.504999,33.875922],[-95.483531,33.876825],[-95.46144,33.887106],[-95.463336,33.872396],[-95.440375,33.866286],[-95.427684,33.870459],[-95.405209,33.864575],[-95.363209,33.866812],[-95.335696,33.874252],[-95.329936,33.886334],[-95.314428,33.881632],[-95.308133,33.378118],[-95.363986,33.393898],[-95.372755,33.390849],[-95.388141,33.402088],[-95.396992,33.398978],[-95.399752,33.409778],[-95.415228,33.411171],[-95.444673,33.43305],[-95.464246,33.433667],[-95.481702,33.45254],[-95.493791,33.455502],[-95.504798,33.441927],[-95.526792,33.44587],[-95.562235,33.47587],[-95.590764,33.469001],[-95.592952,33.480126],[-95.603675,33.484721],[-95.636325,33.482097],[-95.643511,33.486774],[-95.681785,33.470267],[-95.685129,33.478668],[-95.697238,33.476765],[-95.707786,33.48776],[-95.70948,33.483136],[-95.732993,33.484574],[-95.761384,33.495452],[-95.7793,33.491802],[-95.825865,33.459347],[-95.853587,33.459166],[-95.857738,33.461722]]]}},{"type":"Feature","properties":{"name":"Leon","fips":"48289","state":"TX","state_fips":"48"},"geometry":{"type":"Polygon","coordinates":[[[-95.973102,31.09219],[-96.017471,31.070015],[-96.04789,31.068728],[-96.170918,30.9944],[-96.24102,30.973737],[-96.235242,30.995609],[-96.246428,30.998077],[-96.24719,31.006204],[-96.260795,31.007802],[-96.258356,31.022987],[-96.240034,31.04763],[-96.246556,31.051611],[-96.241568,31.057092],[-96.255466,31.065521],[-96.252858,31.07304],[-96.268936,31.077681],[-96.277454,31.087658],[-96.276938,31.116188],[-96.299187,31.148016],[-96.296771,31.175075],[-96.301475,31.179012],[-96.297136,31.181416],[-96.311746,31.198121],[-96.310432,31.217201],[-96.319549,31.222378],[-96.314047,31.228914],[-96.33109,31.25223],[-96.313833,31.270994],[-96.327988,31.28647],[-96.328592,31.298638],[-96.317301,31.301623],[-96.326017,31.311968],[-96.317187,31.323278],[-96.320268,31.330935],[-96.314685,31.342443],[-96.322853,31.374067],[-95.7873,31.618385],[-95.777586,31.602257],[-95.76139,31.59963],[-95.748669,31.617709],[-95.756768,31.64561],[-95.735681,31.653822],[-95.710035,31.614694],[-95.71587,31.594067],[-95.729486,31.583523],[-95.718233,31.573215],[-95.722248,31.569714],[-95.717038,31.567765],[-95.715705,31.553982],[-95.751072,31.551964],[-95.750875,31.540734],[-95.758748,31.533644],[-95.737034,31.518534],[-95.733877,31.508376],[-95.745017,31.490975],[-95.738404,31.485003],[-95.729854,31.48963],[-95.721842,31.472754],[-95.738291,31.472749],[-95.746837,31.45817],[-95.721449,31.46256],[-95.712117,31.455783],[-95.711338,31.421536],[-95.698403,31.407086],[-95.700806,31.393856],[-95.69283,31.391494],[-95.691444,31.374676],[-95.664402,31.364745],[-95.661286,31.357585],[-95.672623,31.356104],[-95.677371,31.346791],[-95.657514,31.34348],[-95.657202,31.317999],[-95.67168,31.317204],[-95.66871,31.307657],[-95.679106,31.302108],[-95.671033,31.296236],[-95.681106,31.288649],[-95.695085,31.297029],[-95.707395,31.28677],[-95.704141,31.28042],[-95.725226,31.271084],[-95.725041,31.230098],[-95.747943,31.20831],[-95.744331,31.178782],[-95.728026,31.161955],[-95.743728,31.152334],[-95.749409,31.15524],[-95.756548,31.141983],[-95.775578,31.136095],[-95.777039,31.12071],[-95.76441,31.094211],[-95.973102,31.09219]]]}},{"type":"Feature","properties":{"name":"Stonewall","fips":"48433","state":"TX","state_fips":"48"},"geometry":{"type":"Polygon","coordinates":[[[-100.517449,33.397866],[-99.99098,33.397404],[-99.988827,32.960121],[-100.519208,32.962926],[-100.517449,33.397866]]]}},{"type":"Feature","properties":{"name":"McMullen","fips":"48311","state":"TX","state_fips":"48"},"geometry":{"type":"Polygon","coordinates":[[[-98.803322,28.057621],[-98.800848,28.647306],[-98.335047,28.648275],[-98.334323,28.0578],[-98.803322,28.057621]]]}},{"type":"Feature","properties":{"name":"Bastrop","fips":"48021","state":"TX","state_fips":"48"},"geometry":{"type":"Polygon","coordinates":[[[-97.491115,30.212372],[-97.369491,30.419642],[-97.199578,30.337833],[-97.081834,30.259357],[-97.024461,30.051435],[-97.315823,29.786541],[-97.64937,30.067944],[-97.491115,30.212372]]]}},{"type":"Feature","properties":{"name":"Childress","fips":"48075","state":"TX","state_fips":"48"},"geometry":{"type":"Polygon","coordinates":[[[-100.417783,34.313524],[-100.415895,34.747525],[-100.000403,34.746405],[-99.99772,34.311829],[-100.417783,34.313524]]]}},{"type":"Feature","properties":{"name":"Jeff Davis","fips":"48243","state":"TX","state_fips":"48"},"geometry":{"type":"Polygon","coordinates":[[[-104.97961,30.629363],[-104.102351,31.105203],[-103.439976,30.665939],[-103.80068,30.412527],[-103.90101,30.41219],[-104.97961,30.629363]]]}},{"type":"Feature","properties":{"name":"Irion","fips":"48235","state":"TX","state_fips":"48"},"geometry":{"type":"Polygon","coordinates":[[[-101.274799,31.079379],[-101.267947,31.528688],[-100.693065,31.523954],[-100.688764,31.086576],[-101.274799,31.079379]]]}},{"type":"Feature","properties":{"name":"Delta","fips":"48119","state":"TX","state_fips":"48"},"geometry":{"type":"Polygon","coordinates":[[[-95.698067,33.308391],[-95.720231,33.299411],[-95.729884,33.305588],[-95.741984,33.297044],[-95.758137,33.296866],[-95.756465,33.288216],[-95.774313,33.276877],[-95.786682,33.253997],[-95.803906,33.251962],[-95.80998,33.242109],[-95.834095,33.232239],[-95.844222,33.233852],[-95.847519,33.225423],[-95.861778,33.21933],[-95.857738,33.461722],[-95.82656,33.459094],[-95.7793,33.491802],[-95.761384,33.495452],[-95.732993,33.484574],[-95.70948,33.483136],[-95.707786,33.48776],[-95.697238,33.476765],[-95.685129,33.478668],[-95.681785,33.470267],[-95.643511,33.486774],[-95.636325,33.482097],[-95.603675,33.484721],[-95.592952,33.480126],[-95.590764,33.469001],[-95.562235,33.47587],[-95.526792,33.44587],[-95.504798,33.441927],[-95.493791,33.455502],[-95.481702,33.45254],[-95.464246,33.433667],[-95.444673,33.43305],[-95.415228,33.411171],[-95.399752,33.409778],[-95.396992,33.398978],[-95.388141,33.402088],[-95.372755,33.390849],[-95.363986,33.393898],[-95.32413,33.379393],[-95.306955,33.379828],[-95.315758,33.373101],[-95.314165,33.367232],[-95.335857,33.361424],[-95.369667,33.369999],[-95.384891,33.365468],[-95.418329,33.371032],[-95.441294,33.362707],[-95.456211,33.368447],[-95.465034,33.356802],[-95.514307,33.34624],[-95.539511,33.360546],[-95.557108,33.350921],[-95.584353,33.359405],[-95.612886,33.348295],[-95.615872,33.338323],[-95.642142,33.321433],[-95.644273,33.312254],[-95.657142,33.313195],[-95.683073,33.299827],[-95.698067,33.308391]]]}},{"type":"Feature","properties":{"name":"Zavala","fips":"48507","state":"TX","state_fips":"48"},"geometry":{"type":"Polygon","coordinates":[[[-100.114336,28.648122],[-100.111406,29.086318],[-99.41388,29.091335],[-99.409021,28.640566],[-100.114336,28.648122]]]}},{"type":"Feature","properties":{"name":"Rockwall","fips":"48397","state":"TX","state_fips":"48"},"geometry":{"type":"Polygon","coordinates":[[[-96.297227,32.981752],[-96.297376,32.814185],[-96.51897,32.813616],[-96.517011,32.982862],[-96.297227,32.981752]]]}},{"type":"Feature","properties":{"name":"Duval","fips":"48131","state":"TX","state_fips":"48"},"geometry":{"type":"Polygon","coordinates":[[[-98.235497,28.057966],[-98.232464,27.262487],[-98.523284,27.26515],[-98.522293,27.343284],[-98.552448,27.343764],[-98.552617,27.359101],[-98.589537,27.358695],[-98.589478,27.338236],[-98.624929,27.338067],[-98.625027,27.357727],[-98.798323,27.354029],[-98.803325,28.05748],[-98.235497,28.057966]]]}},{"type":"Feature","properties":{"name":"Johnson","fips":"48251","state":"TX","state_fips":"48"},"geometry":{"type":"Polygon","coordinates":[[[-97.08705,32.265255],[-97.475985,32.181679],[-97.471811,32.17552],[-97.511787,32.161935],[-97.508005,32.139355],[-97.514333,32.133802],[-97.568716,32.150494],[-97.56468,32.162354],[-97.573395,32.180315],[-97.60207,32.176129],[-97.589649,32.190883],[-97.597679,32.203702],[-97.615087,32.203491],[-97.617005,32.555484],[-97.087055,32.549296],[-97.08705,32.265255]]]}},{"type":"Feature","properties":{"name":"Franklin","fips":"48159","state":"TX","state_fips":"48"},"geometry":{"type":"Polygon","coordinates":[[[-95.308593,33.37719],[-95.299116,33.382738],[-95.290144,33.375591],[-95.271049,33.376734],[-95.260962,33.366934],[-95.241513,33.367776],[-95.234432,33.373818],[-95.228175,33.370666],[-95.229651,33.375557],[-95.222683,33.378335],[-95.201067,33.38095],[-95.191683,33.373769],[-95.166183,33.385484],[-95.156004,33.380077],[-95.142928,33.38328],[-95.145464,33.388204],[-95.125451,33.389454],[-95.12613,33.034581],[-95.137213,33.030938],[-95.15365,33.012448],[-95.152138,33.002735],[-95.162296,32.9942],[-95.162201,32.980877],[-95.174057,32.968986],[-95.172947,32.961829],[-95.308957,32.962572],[-95.308593,33.37719]]]}},{"type":"Feature","properties":{"name":"Concho","fips":"48095","state":"TX","state_fips":"48"},"geometry":{"type":"Polygon","coordinates":[[[-100.115216,31.087994],[-100.111234,31.580267],[-99.721698,31.576759],[-99.722063,31.562761],[-99.714746,31.560307],[-99.706587,31.577105],[-99.691943,31.55465],[-99.671658,31.553136],[-99.678606,31.542932],[-99.692985,31.538242],[-99.692048,31.53288],[-99.658791,31.534779],[-99.65312,31.529094],[-99.677404,31.497693],[-99.65265,31.496475],[-99.625426,31.467429],[-99.612542,31.469698],[-99.607968,31.478107],[-99.623971,31.492038],[-99.622809,31.50056],[-99.615075,31.501909],[-99.60185,31.49195],[-99.603223,31.087296],[-100.115216,31.087994]]]}},{"type":"Feature","properties":{"name":"Coke","fips":"48081","state":"TX","state_fips":"48"},"geometry":{"type":"Polygon","coordinates":[[[-100.825354,31.698207],[-100.821594,32.08661],[-100.235137,32.082372],[-100.235761,31.69297],[-100.825354,31.698207]]]}},{"type":"Feature","properties":{"name":"Sterling","fips":"48431","state":"TX","state_fips":"48"},"geometry":{"type":"Polygon","coordinates":[[[-101.26763,31.556462],[-101.264216,32.087136],[-100.821594,32.08661],[-100.82537,31.696155],[-100.861099,31.705418],[-100.865256,31.562294],[-101.26763,31.556462]]]}},{"type":"Feature","properties":{"name":"Winkler","fips":"48495","state":"TX","state_fips":"48"},"geometry":{"type":"Polygon","coordinates":[[[-103.327538,31.65142],[-103.326893,32.000127],[-103.06451,32.000424],[-103.064516,32.087051],[-102.799086,32.085795],[-102.798939,31.651783],[-103.327538,31.65142]]]}},{"type":"Feature","properties":{"name":"Taylor","fips":"48441","state":"TX","state_fips":"48"},"geometry":{"type":"Polygon","coordinates":[[[-99.629639,32.520713],[-99.631413,32.081274],[-100.151911,32.082638],[-100.146543,32.522793],[-99.629639,32.520713]]]}},{"type":"Feature","properties":{"name":"Erath","fips":"48143","state":"TX","state_fips":"48"},"geometry":{"type":"Polygon","coordinates":[[[-98.474685,32.299084],[-98.475177,32.513039],[-98.068545,32.511626],[-97.940474,32.221738],[-97.864864,32.087328],[-98.208386,31.917511],[-98.251211,31.980127],[-98.327499,31.941261],[-98.551158,32.261436],[-98.474685,32.299084]]]}},{"type":"Feature","properties":{"name":"Randall","fips":"48381","state":"TX","state_fips":"48"},"geometry":{"type":"Polygon","coordinates":[[[-102.168839,34.747417],[-102.167471,35.183233],[-101.622941,35.183117],[-101.629257,34.747649],[-102.168839,34.747417]]]}},{"type":"Feature","properties":{"name":"Rusk","fips":"48401","state":"TX","state_fips":"48"},"geometry":{"type":"Polygon","coordinates":[[[-94.985037,31.846193],[-94.985411,32.37082],[-94.63975,32.370776],[-94.600776,32.360044],[-94.591392,32.365654],[-94.579219,32.394916],[-94.555726,32.4075],[-94.541806,32.399296],[-94.525994,32.402323],[-94.527382,32.393566],[-94.515379,32.387145],[-94.501694,32.397915],[-94.491818,32.394137],[-94.493361,32.356492],[-94.523838,32.296209],[-94.526504,32.278106],[-94.556223,32.250158],[-94.580256,32.202545],[-94.580747,32.159269],[-94.60156,32.079971],[-94.599978,31.973193],[-94.511431,31.973984],[-94.511315,31.924129],[-94.480619,31.902273],[-94.477769,31.886372],[-94.461974,31.871386],[-94.464293,31.857179],[-94.452513,31.844113],[-94.985037,31.846193]]]}},{"type":"Feature","properties":{"name":"Lee","fips":"48287","state":"TX","state_fips":"48"},"geometry":{"type":"Polygon","coordinates":[[[-97.333095,30.403242],[-97.155219,30.457344],[-96.96363,30.557198],[-96.945333,30.543255],[-96.939527,30.546609],[-96.918908,30.539239],[-96.902231,30.514197],[-96.908744,30.502003],[-96.895906,30.489202],[-96.905798,30.472205],[-96.899843,30.460277],[-96.874911,30.457708],[-96.877136,30.447803],[-96.870678,30.435503],[-96.846299,30.431453],[-96.839888,30.421129],[-96.834553,30.422818],[-96.809825,30.404439],[-96.80836,30.396258],[-96.787647,30.389058],[-96.789697,30.383236],[-96.769858,30.364743],[-96.76104,30.34089],[-96.75291,30.338164],[-96.754414,30.329225],[-96.743672,30.319757],[-96.730768,30.324292],[-96.721716,30.318566],[-96.694682,30.320191],[-96.673497,30.307615],[-96.667842,30.297184],[-96.651569,30.300622],[-96.640595,30.296224],[-96.657895,30.287777],[-96.684234,30.257949],[-96.685596,30.248921],[-96.706626,30.244627],[-96.714815,30.251047],[-96.732013,30.243666],[-96.742542,30.226998],[-96.741603,30.197292],[-96.845857,30.116027],[-97.019163,30.032],[-97.081834,30.259357],[-97.199578,30.337833],[-97.333095,30.403242]]]}},{"type":"Feature","properties":{"name":"Cherokee","fips":"48073","state":"TX","state_fips":"48"},"geometry":{"type":"Polygon","coordinates":[[[-95.457335,32.112589],[-95.459908,32.135559],[-94.985272,32.137989],[-94.985037,31.846193],[-94.937532,31.845555],[-94.934558,31.834583],[-94.948322,31.826326],[-94.942258,31.817826],[-94.946712,31.807127],[-94.954256,31.805524],[-94.953901,31.797],[-94.97816,31.793399],[-94.97489,31.781975],[-94.95859,31.778847],[-94.951359,31.769139],[-94.949264,31.774603],[-94.938627,31.772227],[-94.926078,31.760342],[-94.943804,31.752378],[-94.967295,31.754128],[-94.972757,31.737631],[-94.954379,31.723181],[-94.962871,31.715641],[-94.960034,31.698842],[-94.965223,31.693885],[-94.950723,31.679866],[-94.957099,31.670472],[-94.951851,31.670468],[-94.948353,31.657174],[-94.954224,31.639712],[-94.941768,31.638449],[-94.941415,31.627032],[-94.92612,31.609793],[-94.928364,31.59837],[-94.919227,31.587234],[-94.924219,31.579487],[-94.912697,31.569026],[-94.891704,31.577897],[-94.889591,31.566254],[-94.900615,31.552597],[-94.893344,31.549827],[-94.894002,31.541226],[-94.884366,31.540894],[-94.883748,31.529408],[-94.865857,31.526916],[-95.003345,31.42571],[-95.012077,31.435596],[-95.005205,31.439878],[-95.007331,31.444587],[-95.045224,31.445086],[-95.064701,31.471316],[-95.072326,31.463537],[-95.080628,31.469879],[-95.100735,31.468338],[-95.101063,31.471405],[-95.09741,31.474535],[-95.097772,31.47643],[-95.103534,31.474432],[-95.111129,31.483848],[-95.105573,31.494668],[-95.094423,31.49873],[-95.099966,31.518869],[-95.12053,31.534736],[-95.1237,31.531142],[-95.126365,31.538302],[-95.143445,31.539641],[-95.147309,31.553754],[-95.139603,31.562821],[-95.161555,31.573216],[-95.168509,31.583671],[-95.208518,31.570185],[-95.225975,31.577417],[-95.260257,31.577104],[-95.275306,31.594706],[-95.262013,31.602908],[-95.261939,31.619577],[-95.287866,31.63292],[-95.281664,31.636416],[-95.286154,31.64775],[-95.275767,31.656949],[-95.283743,31.663222],[-95.28325,31.676409],[-95.311732,31.696929],[-95.311361,31.706218],[-95.325714,31.703739],[-95.327862,31.71704],[-95.334022,31.712069],[-95.342471,31.717951],[-95.3327,31.728041],[-95.335378,31.734873],[-95.366428,31.726759],[-95.372679,31.73612],[-95.363067,31.736981],[-95.358239,31.749253],[-95.402125,31.76159],[-95.400269,31.767888],[-95.396531,31.765266],[-95.399427,31.774355],[-95.394036,31.784608],[-95.404252,31.803324],[-95.400786,31.818609],[-95.412515,31.826258],[-95.410166,31.834147],[-95.446884,31.843194],[-95.445221,31.857981],[-95.434837,31.866637],[-95.438882,31.876219],[-95.434589,31.873253],[-95.430978,31.880003],[-95.437522,31.901686],[-95.429211,31.901202],[-95.431873,31.913751],[-95.420223,31.926449],[-95.44585,31.946096],[-95.453497,31.960758],[-95.44362,31.966925],[-95.452902,31.976789],[-95.446146,31.999423],[-95.433718,32.009006],[-95.429784,32.006247],[-95.424106,32.018893],[-95.438673,32.033348],[-95.43588,32.039881],[-95.422193,32.042301],[-95.423818,32.049045],[-95.435776,32.053486],[-95.432084,32.060962],[-95.438496,32.066019],[-95.423776,32.082329],[-95.457335,32.112589]]]}},{"type":"Feature","properties":{"name":"Jefferson","fips":"48245","state":"TX","state_fips":"48"},"geometry":{"type":"Polygon","coordinates":[[[-93.911268,29.829116],[-93.927992,29.80964],[-93.926504,29.78956],[-93.893863,29.767294],[-93.891637,29.744618],[-93.87002,29.735482],[-93.837412,29.689885],[-93.814351,29.596576],[-93.848588,29.60026],[-93.875006,29.621426],[-94.033565,29.625002],[-94.12518,29.595559],[-94.35488,29.506328],[-94.357976,29.887464],[-94.442204,29.887053],[-94.44472,30.113489],[-94.431062,30.113605],[-94.428266,30.105427],[-94.401238,30.097167],[-94.38108,30.108419],[-94.364612,30.101357],[-94.350655,30.109173],[-94.350753,30.103804],[-94.338513,30.104303],[-94.330229,30.114854],[-94.300766,30.114036],[-94.279188,30.131926],[-94.275451,30.170265],[-94.260553,30.167315],[-94.254827,30.172627],[-94.237167,30.164656],[-94.231271,30.172554],[-94.220926,30.170667],[-94.218481,30.180058],[-94.206341,30.188427],[-94.199158,30.184457],[-94.194487,30.188981],[-94.187581,30.178942],[-94.174922,30.187642],[-94.166012,30.17216],[-94.119788,30.165351],[-94.11348,30.148311],[-94.100888,30.143026],[-94.108094,30.135434],[-94.079578,30.127111],[-94.074278,30.116511],[-94.078678,30.106112],[-94.087278,30.104912],[-94.094188,30.091038],[-94.086378,30.089012],[-94.092929,30.082981],[-94.079229,30.076891],[-94.051877,30.078712],[-94.042977,30.063712],[-94.027476,30.066012],[-94.035876,30.041412],[-94.030876,30.026413],[-94.001039,30.030964],[-93.996774,30.013113],[-93.983074,30.021812],[-93.981774,30.008913],[-93.960609,30.013428],[-93.954373,30.001113],[-93.931072,29.991113],[-93.913781,29.995988],[-93.903471,29.985513],[-93.860169,29.977397],[-93.843896,29.954805],[-93.838967,29.926438],[-93.854412,29.865053],[-93.911268,29.829116]]]}},{"type":"Feature","properties":{"name":"Lipscomb","fips":"48295","state":"TX","state_fips":"48"},"geometry":{"type":"Polygon","coordinates":[[[-100.000406,36.499702],[-100.000399,36.055677],[-100.546724,36.056536],[-100.546145,36.499343],[-100.000406,36.499702]]]}},{"type":"Feature","properties":{"name":"Jasper","fips":"48241","state":"TX","state_fips":"48"},"geometry":{"type":"Polygon","coordinates":[[[-94.460172,31.031217],[-94.44755,31.035544],[-94.064133,31.112255],[-94.062864,31.11491],[-94.056606,31.111694],[-94.042298,31.119435],[-94.039034,31.134271],[-93.911126,31.158071],[-93.865711,30.947218],[-93.87518,30.672064],[-93.901452,30.242672],[-94.118613,30.242868],[-94.096449,30.258351],[-94.104397,30.266227],[-94.107734,30.261381],[-94.114051,30.263463],[-94.111889,30.273061],[-94.120642,30.280587],[-94.119762,30.288146],[-94.114196,30.28611],[-94.117792,30.300554],[-94.101828,30.310522],[-94.099784,30.318636],[-94.105941,30.322863],[-94.098781,30.322398],[-94.102837,30.325388],[-94.096259,30.339065],[-94.089551,30.337746],[-94.08292,30.345654],[-94.102696,30.368743],[-94.102184,30.384779],[-94.108599,30.387282],[-94.103625,30.393911],[-94.116863,30.397722],[-94.113296,30.406073],[-94.12005,30.411248],[-94.112847,30.41498],[-94.119394,30.426298],[-94.106843,30.437466],[-94.107395,30.450312],[-94.094526,30.465561],[-94.103088,30.468733],[-94.093392,30.474067],[-94.085457,30.489839],[-94.078889,30.490064],[-94.082909,30.510595],[-94.06699,30.531936],[-94.073609,30.534802],[-94.071279,30.541845],[-94.08591,30.547276],[-94.093871,30.567313],[-94.085902,30.569724],[-94.095864,30.576781],[-94.08245,30.592115],[-94.085443,30.59754],[-94.079316,30.598074],[-94.081199,30.607227],[-94.069704,30.610695],[-94.075835,30.618042],[-94.05301,30.629413],[-94.051562,30.641792],[-94.059839,30.64697],[-94.053125,30.648991],[-94.074186,30.667764],[-94.079543,30.660838],[-94.073608,30.661438],[-94.073216,30.655927],[-94.086405,30.657272],[-94.082304,30.666929],[-94.089126,30.673261],[-94.090094,30.6876],[-94.125824,30.684052],[-94.123038,30.700891],[-94.137467,30.71476],[-94.129496,30.719447],[-94.138256,30.730939],[-94.128287,30.745412],[-94.139896,30.75589],[-94.132978,30.765154],[-94.150119,30.790203],[-94.1815,30.797397],[-94.177628,30.811933],[-94.189074,30.818155],[-94.187732,30.824311],[-94.178332,30.823127],[-94.185936,30.831362],[-94.180129,30.83427],[-94.191001,30.837454],[-94.200963,30.863533],[-94.193019,30.863834],[-94.189945,30.872001],[-94.199089,30.874572],[-94.193749,30.877598],[-94.205423,30.887203],[-94.200433,30.892597],[-94.215928,30.901533],[-94.204991,30.914624],[-94.208105,30.922624],[-94.199527,30.92881],[-94.210018,30.938024],[-94.220991,30.935318],[-94.2232,30.947648],[-94.228607,30.939716],[-94.226992,30.950437],[-94.23373,30.952084],[-94.227851,30.957792],[-94.245013,30.96676],[-94.239292,30.972906],[-94.243808,30.981887],[-94.241382,30.992474],[-94.233075,30.986342],[-94.238096,31.013443],[-94.281222,31.018382],[-94.286324,31.027136],[-94.283072,31.036832],[-94.292592,31.042888],[-94.324216,31.020133],[-94.337754,31.036776],[-94.353448,31.039469],[-94.35465,31.032166],[-94.374686,31.031111],[-94.374997,31.035314],[-94.382951,31.026224],[-94.413814,31.026493],[-94.435988,31.013761],[-94.434305,31.006924],[-94.450251,31.003071],[-94.450621,31.01773],[-94.442293,31.029981],[-94.444897,31.034395],[-94.460172,31.031217]]]}},{"type":"Feature","properties":{"name":"Hansford","fips":"48195","state":"TX","state_fips":"48"},"geometry":{"type":"Polygon","coordinates":[[[-101.623915,36.499528],[-101.085156,36.499244],[-101.085735,36.055276],[-101.623466,36.055405],[-101.623915,36.499528]]]}},{"type":"Feature","properties":{"name":"Chambers","fips":"48071","state":"TX","state_fips":"48"},"geometry":{"type":"Polygon","coordinates":[[[-94.409819,29.596658],[-94.419177,29.589193],[-94.413791,29.586872],[-94.417343,29.578121],[-94.412445,29.573371],[-94.422637,29.566306],[-94.474637,29.558329],[-94.498768,29.544464],[-94.518148,29.541162],[-94.523488,29.541125],[-94.523472,29.551713],[-94.545292,29.572129],[-94.558951,29.574583],[-94.617494,29.554775],[-94.755771,29.524506],[-94.779508,29.53025],[-94.793167,29.551111],[-94.825224,29.519078],[-94.8752,29.514671],[-94.909845,29.496441],[-94.986136,29.515051],[-95.014583,29.538884],[-95.018205,29.554597],[-94.982606,29.601773],[-94.99817,29.620461],[-95.008558,29.623618],[-95.016106,29.638302],[-95.002399,29.663738],[-94.9697,29.682797],[-94.930268,29.673698],[-94.920434,29.685803],[-94.915826,29.698575],[-94.929909,29.69737],[-94.925102,29.703145],[-94.932964,29.705208],[-94.932566,29.714342],[-94.94553,29.717092],[-94.929019,29.737057],[-94.929654,29.750511],[-94.918836,29.755478],[-94.919016,29.765389],[-94.913435,29.766706],[-94.920007,29.771997],[-94.917018,29.786768],[-94.924163,29.795926],[-94.908492,29.815056],[-94.912001,29.829106],[-94.934599,29.834292],[-94.952636,29.855028],[-94.970913,29.861595],[-94.98146,29.884276],[-94.357976,29.887464],[-94.35488,29.506328],[-94.369361,29.50062],[-94.371622,29.597247],[-94.409819,29.596658]]]}},{"type":"Feature","properties":{"name":"Henderson","fips":"48213","state":"TX","state_fips":"48"},"geometry":{"type":"Polygon","coordinates":[[[-95.428512,32.084475],[-96.052786,32.005895],[-96.055573,32.014606],[-96.050758,32.01678],[-96.066462,32.037757],[-96.062326,32.062486],[-96.070245,32.074763],[-96.062524,32.077754],[-96.065689,32.08553],[-96.098952,32.081593],[-96.106785,32.075394],[-96.117726,32.094632],[-96.11153,32.115803],[-96.114699,32.126487],[-96.102952,32.14092],[-96.104258,32.152431],[-96.11366,32.160901],[-96.138407,32.151417],[-96.152209,32.158416],[-96.159473,32.154893],[-96.166828,32.158263],[-96.166455,32.166102],[-96.17584,32.168241],[-96.176226,32.181752],[-96.157907,32.191334],[-96.155642,32.200444],[-96.160687,32.203988],[-96.146523,32.211715],[-96.155854,32.21501],[-96.190737,32.202625],[-96.197122,32.207385],[-96.196122,32.219782],[-96.200742,32.214269],[-96.209099,32.218653],[-96.217318,32.233511],[-96.236133,32.242155],[-96.235083,32.250896],[-96.254399,32.250582],[-96.250934,32.247313],[-96.25655,32.245061],[-96.267667,32.259202],[-96.2728,32.252487],[-96.277734,32.260646],[-96.28507,32.254592],[-96.29017,32.268921],[-96.283839,32.278862],[-96.293728,32.290033],[-96.288882,32.293212],[-96.300384,32.294215],[-96.29868,32.301156],[-96.303414,32.297334],[-96.304894,32.302236],[-96.310108,32.298299],[-96.323421,32.30633],[-96.339016,32.305973],[-96.390805,32.33386],[-96.405644,32.327687],[-96.417533,32.335536],[-96.430226,32.332211],[-96.436293,32.345413],[-96.45182,32.345002],[-96.454555,32.35232],[-96.448437,32.354495],[-96.453615,32.35802],[-95.448852,32.355014],[-95.458738,32.328429],[-95.446969,32.295807],[-95.457268,32.273111],[-95.469949,32.262124],[-95.467584,32.24663],[-95.488733,32.232303],[-95.478936,32.212223],[-95.470147,32.212086],[-95.470529,32.204068],[-95.462456,32.201543],[-95.46827,32.190481],[-95.461556,32.182898],[-95.47097,32.178655],[-95.478585,32.147224],[-95.459908,32.135559],[-95.457335,32.112589],[-95.431562,32.093865],[-95.428512,32.084475]]]}},{"type":"Feature","properties":{"name":"Walker","fips":"48471","state":"TX","state_fips":"48"},"geometry":{"type":"Polygon","coordinates":[[[-95.691598,30.901095],[-95.663811,30.904119],[-95.655228,30.893293],[-95.629775,30.899932],[-95.629345,30.909262],[-95.616233,30.910196],[-95.611985,30.917636],[-95.621852,30.925093],[-95.617872,30.930418],[-95.434781,31.058098],[-95.434335,30.937405],[-95.411444,30.930959],[-95.415504,30.907862],[-95.406501,30.906161],[-95.399695,30.892895],[-95.380887,30.886236],[-95.381351,30.879303],[-95.399433,30.881507],[-95.391567,30.875965],[-95.398351,30.859651],[-95.383279,30.852961],[-95.353988,30.856207],[-95.343956,30.875801],[-95.32748,30.859547],[-95.359156,30.504369],[-95.361866,30.508916],[-95.598971,30.509002],[-95.83024,30.630284],[-95.863082,30.864291],[-95.850392,30.867679],[-95.849116,30.86303],[-95.829468,30.862107],[-95.784927,30.878955],[-95.759517,30.898892],[-95.73328,30.900078],[-95.716508,30.911405],[-95.709597,30.905482],[-95.695691,30.907243],[-95.691598,30.901095]]]}},{"type":"Feature","properties":{"name":"Reeves","fips":"48389","state":"TX","state_fips":"48"},"geometry":{"type":"Polygon","coordinates":[[[-104.102344,31.105303],[-104.024512,32.000102],[-103.980179,32.000125],[-103.98406,31.99342],[-103.974457,31.979206],[-103.950089,31.986838],[-103.941129,31.961357],[-103.948592,31.954483],[-103.940896,31.944546],[-103.922396,31.942527],[-103.912248,31.902424],[-103.88145,31.891096],[-103.881797,31.865337],[-103.857533,31.882219],[-103.829718,31.888352],[-103.828556,31.862289],[-103.812655,31.85405],[-103.821299,31.837267],[-103.808403,31.826809],[-103.809458,31.794317],[-103.797232,31.770187],[-103.783144,31.774724],[-103.777954,31.768686],[-103.781735,31.764262],[-103.770514,31.762516],[-103.770859,31.757551],[-103.766148,31.760817],[-103.76312,31.749111],[-103.756962,31.751379],[-103.758314,31.744805],[-103.7461,31.744015],[-103.745744,31.738759],[-103.691188,31.747589],[-103.669083,31.715267],[-103.625726,31.705032],[-103.620827,31.689075],[-103.635639,31.690287],[-103.635403,31.684146],[-103.632275,31.673341],[-103.619184,31.664396],[-103.616166,31.650782],[-103.601247,31.650083],[-103.572781,31.632257],[-103.562176,31.632917],[-103.551615,31.644799],[-103.531368,31.642512],[-103.526212,31.634367],[-103.530157,31.632534],[-103.509379,31.625934],[-103.514302,31.613214],[-103.504196,31.596648],[-103.511541,31.589663],[-103.510241,31.579556],[-103.515202,31.57921],[-103.495335,31.549498],[-103.502796,31.527978],[-103.495686,31.521695],[-103.504,31.515082],[-103.503838,31.506311],[-103.480918,31.475154],[-103.488924,31.469012],[-103.489097,31.455963],[-103.462145,31.42972],[-103.446242,31.424302],[-103.44241,31.433752],[-103.417742,31.426075],[-103.399046,31.433941],[-103.381002,31.416889],[-103.358273,31.415101],[-103.349207,31.423541],[-103.330036,31.411933],[-103.30294,31.421223],[-103.278018,31.414516],[-103.274734,31.423677],[-103.261677,31.42757],[-103.255186,31.420339],[-103.257786,31.407304],[-103.244934,31.389368],[-103.193685,31.371735],[-103.158592,31.372326],[-103.135782,31.36434],[-103.067463,31.365104],[-103.0631,31.368358],[-103.066398,31.377566],[-103.057765,31.385291],[-103.010417,31.377005],[-103.585084,30.76647],[-104.102344,31.105303]]]}},{"type":"Feature","properties":{"name":"Nueces","fips":"48355","state":"TX","state_fips":"48"},"geometry":{"type":"Polygon","coordinates":[[[-97.242122,27.582924],[-97.325216,27.560896],[-97.840678,27.558358],[-97.839877,27.564994],[-97.873836,27.58778],[-97.876681,27.608485],[-97.88859,27.620249],[-97.921109,27.622904],[-97.932377,27.635929],[-97.942146,27.635932],[-97.933603,27.776896],[-97.934274,27.885202],[-97.798517,27.995659],[-97.807113,27.973111],[-97.817618,27.970478],[-97.806484,27.934396],[-97.796733,27.934116],[-97.795529,27.942221],[-97.77864,27.94752],[-97.775878,27.937875],[-97.764303,27.938127],[-97.762951,27.92345],[-97.748994,27.932856],[-97.730018,27.923288],[-97.736722,27.91612],[-97.736018,27.911881],[-97.725202,27.916489],[-97.715858,27.911545],[-97.716416,27.918057],[-97.70821,27.922584],[-97.691074,27.917353],[-97.689775,27.900341],[-97.682177,27.901896],[-97.671265,27.892665],[-97.67528,27.882538],[-97.638174,27.865594],[-97.627057,27.875707],[-97.632113,27.893385],[-97.626973,27.895398],[-97.609593,27.890377],[-97.608984,27.871688],[-97.591871,27.857005],[-97.544318,27.858875],[-97.53531,27.847677],[-97.500987,27.846697],[-97.489231,27.83883],[-97.490319,27.846525],[-97.515119,27.851949],[-97.519775,27.8611],[-97.517295,27.871292],[-97.494991,27.882268],[-97.484431,27.873068],[-97.480815,27.859773],[-97.468592,27.870767],[-97.460334,27.861997],[-97.459295,27.878316],[-97.445908,27.865379],[-97.337677,27.883165],[-97.331917,27.87331],[-97.343725,27.871406],[-97.343757,27.86443],[-97.35988,27.85223],[-97.354823,27.850311],[-97.311021,27.873022],[-97.268684,27.881294],[-97.249868,27.876046],[-97.244588,27.859519],[-97.231724,27.848608],[-97.221596,27.85432],[-97.222667,27.831872],[-97.245341,27.836145],[-97.201291,27.821105],[-97.184622,27.8257],[-97.170417,27.834677],[-97.160737,27.843157],[-97.186987,27.825489],[-97.095713,27.957835],[-97.057171,27.865413],[-97.065254,27.851853],[-96.984281,27.803783],[-97.021855,27.783364],[-97.046727,27.755049],[-97.125265,27.640597],[-97.165097,27.5683],[-97.242122,27.582924]]]}},{"type":"Feature","properties":{"name":"Camp","fips":"48063","state":"TX","state_fips":"48"},"geometry":{"type":"Polygon","coordinates":[[[-94.719926,32.90455],[-95.15211,32.902641],[-95.152206,33.01345],[-95.137213,33.030938],[-95.103043,33.032956],[-95.078394,33.052076],[-95.057705,33.055208],[-95.040269,33.072294],[-95.014203,33.076045],[-95.005846,33.0711],[-94.979754,33.077419],[-94.972452,33.071936],[-94.927042,33.070656],[-94.916921,33.045349],[-94.905507,33.044334],[-94.888676,33.030456],[-94.888112,33.023145],[-94.859343,33.013574],[-94.862738,33.006068],[-94.85813,33.001976],[-94.786497,32.959414],[-94.786629,32.952817],[-94.773919,32.943827],[-94.770868,32.927373],[-94.726833,32.913234],[-94.719926,32.90455]]]}},{"type":"Feature","properties":{"name":"Orange","fips":"48361","state":"TX","state_fips":"48"},"geometry":{"type":"Polygon","coordinates":[[[-93.755082,30.015309],[-93.770567,29.996532],[-93.789431,29.987812],[-93.807815,29.954549],[-93.818998,29.914822],[-93.854412,29.865053],[-93.838824,29.936934],[-93.859017,29.976549],[-93.903471,29.985513],[-93.913781,29.995988],[-93.931072,29.991113],[-93.948073,29.997213],[-93.960609,30.013428],[-93.981774,30.008913],[-93.983074,30.021812],[-93.996774,30.013113],[-94.001039,30.030964],[-94.029476,30.025513],[-94.035876,30.041412],[-94.027476,30.066012],[-94.042977,30.063712],[-94.051877,30.078712],[-94.079229,30.076891],[-94.093794,30.083949],[-94.086378,30.089012],[-94.094188,30.091038],[-94.087278,30.104912],[-94.073678,30.114111],[-94.079578,30.127111],[-94.108094,30.135434],[-94.100888,30.143026],[-94.11348,30.148311],[-94.110998,30.186702],[-94.105332,30.187456],[-94.106546,30.193192],[-94.097871,30.188431],[-94.098216,30.198459],[-94.091798,30.197264],[-94.091217,30.204648],[-94.117764,30.215874],[-94.117604,30.241665],[-93.706847,30.24373],[-93.703099,30.238459],[-93.709607,30.23776],[-93.70449,30.233787],[-93.711098,30.235247],[-93.711176,30.22207],[-93.718968,30.219352],[-93.721196,30.209172],[-93.714192,30.208659],[-93.717523,30.193085],[-93.709121,30.197208],[-93.705495,30.192921],[-93.712552,30.192456],[-93.710684,30.179862],[-93.699953,30.175529],[-93.709508,30.146672],[-93.697737,30.152946],[-93.688205,30.141357],[-93.692849,30.135213],[-93.70121,30.137458],[-93.700872,30.123114],[-93.707954,30.120016],[-93.702436,30.112721],[-93.723765,30.09413],[-93.724005,30.082626],[-93.731079,30.089518],[-93.734085,30.08613],[-93.699516,30.058578],[-93.711074,30.054391],[-93.717884,30.065554],[-93.720805,30.053043],[-93.737446,30.037283],[-93.741078,30.021571],[-93.755082,30.015309]]]}},{"type":"Feature","properties":{"name":"Caldwell","fips":"48055","state":"TX","state_fips":"48"},"geometry":{"type":"Polygon","coordinates":[[[-97.822333,29.931959],[-97.792435,29.945177],[-97.760705,29.988119],[-97.707765,30.024059],[-97.653693,30.071564],[-97.315823,29.786541],[-97.597743,29.630718],[-97.60393,29.641828],[-97.60585,29.635093],[-97.618049,29.633433],[-97.616909,29.644782],[-97.629429,29.639783],[-97.631286,29.65381],[-97.651755,29.654025],[-97.653443,29.660364],[-97.647628,29.661066],[-97.652612,29.667843],[-97.656656,29.662613],[-97.665002,29.668801],[-97.673183,29.663159],[-97.677788,29.668785],[-97.680498,29.663623],[-97.692674,29.673365],[-97.697797,29.6665],[-97.706075,29.67455],[-97.704262,29.682422],[-97.722739,29.682151],[-97.743286,29.696967],[-97.73677,29.711046],[-97.756548,29.717825],[-97.763743,29.713416],[-97.768475,29.720052],[-97.758696,29.725519],[-97.760979,29.725493],[-97.76128,29.728299],[-97.765275,29.728482],[-97.77096,29.732305],[-97.772287,29.733797],[-97.768564,29.74163],[-97.78219,29.747865],[-97.780767,29.759116],[-97.803597,29.753731],[-97.800279,29.766207],[-97.810447,29.7729],[-97.80565,29.777058],[-97.814805,29.78019],[-97.817138,29.790383],[-97.829599,29.779956],[-97.830265,29.795533],[-97.842351,29.799224],[-97.846362,29.808648],[-97.836691,29.82691],[-97.847336,29.842449],[-97.855533,29.843913],[-97.86336,29.856194],[-97.871902,29.852323],[-97.876014,29.860555],[-97.899132,29.857366],[-97.893896,29.883734],[-97.822333,29.931959]]]}},{"type":"Feature","properties":{"name":"Hopkins","fips":"48223","state":"TX","state_fips":"48"},"geometry":{"type":"Polygon","coordinates":[[[-95.308957,32.962572],[-95.665389,32.960434],[-95.667728,32.979554],[-95.862521,32.979571],[-95.861778,33.21933],[-95.847519,33.225423],[-95.844222,33.233852],[-95.834095,33.232239],[-95.80998,33.242109],[-95.803906,33.251962],[-95.786682,33.253997],[-95.774313,33.276877],[-95.756465,33.288216],[-95.758137,33.296866],[-95.741984,33.297044],[-95.729884,33.305588],[-95.719767,33.299433],[-95.698067,33.308391],[-95.683073,33.299827],[-95.657142,33.313195],[-95.650082,33.310035],[-95.615872,33.338323],[-95.612886,33.348295],[-95.586852,33.358711],[-95.557108,33.350921],[-95.539511,33.360546],[-95.514307,33.34624],[-95.465034,33.356802],[-95.456211,33.368447],[-95.441294,33.362707],[-95.418329,33.371032],[-95.384891,33.365468],[-95.369667,33.369999],[-95.344945,33.360295],[-95.314165,33.367232],[-95.315758,33.373101],[-95.308593,33.37719],[-95.308957,32.962572]]]}},{"type":"Feature","properties":{"name":"Houston","fips":"48225","state":"TX","state_fips":"48"},"geometry":{"type":"Polygon","coordinates":[[[-94.95811,31.38693],[-95.617872,30.930418],[-95.638683,30.926736],[-95.681305,30.987499],[-95.669999,30.994212],[-95.658418,31.01631],[-95.668847,31.026861],[-95.641193,31.042337],[-95.631397,31.036836],[-95.629983,31.05175],[-95.647546,31.055382],[-95.654913,31.067311],[-95.648429,31.06988],[-95.663546,31.083884],[-95.675514,31.075965],[-95.692388,31.08196],[-95.698475,31.076766],[-95.704139,31.082563],[-95.706973,31.077885],[-95.723383,31.079834],[-95.729045,31.087999],[-95.736356,31.083772],[-95.741554,31.090772],[-95.760626,31.088928],[-95.777039,31.12071],[-95.77425,31.138323],[-95.756548,31.141983],[-95.749409,31.15524],[-95.743728,31.152334],[-95.728026,31.161955],[-95.744331,31.178782],[-95.747943,31.20831],[-95.725041,31.230098],[-95.725226,31.271084],[-95.704141,31.28042],[-95.707395,31.28677],[-95.695085,31.297029],[-95.681413,31.288509],[-95.671403,31.29556],[-95.679106,31.302108],[-95.66871,31.307657],[-95.67168,31.317204],[-95.662672,31.321],[-95.659416,31.315909],[-95.656125,31.322183],[-95.657514,31.34348],[-95.677371,31.346791],[-95.672623,31.356104],[-95.661286,31.357585],[-95.66487,31.365549],[-95.691444,31.374676],[-95.69283,31.391494],[-95.700806,31.393856],[-95.698403,31.407086],[-95.711338,31.421536],[-95.712117,31.455783],[-95.721449,31.46256],[-95.746837,31.45817],[-95.736532,31.473736],[-95.721905,31.471923],[-95.729854,31.48963],[-95.738404,31.485003],[-95.744631,31.48999],[-95.743198,31.500618],[-95.647171,31.527014],[-95.651764,31.541791],[-95.493171,31.564905],[-95.273203,31.592886],[-95.255217,31.574814],[-95.225975,31.577417],[-95.208518,31.570185],[-95.168509,31.583671],[-95.161555,31.573216],[-95.139603,31.562821],[-95.147309,31.553754],[-95.143445,31.539641],[-95.126365,31.538302],[-95.1237,31.531142],[-95.12053,31.534736],[-95.099966,31.518869],[-95.094423,31.49873],[-95.105573,31.494668],[-95.111129,31.483848],[-95.103534,31.474432],[-95.097772,31.47643],[-95.100735,31.468338],[-95.080628,31.469879],[-95.072326,31.463537],[-95.06513,31.471458],[-95.045224,31.445086],[-95.007331,31.444587],[-95.005205,31.439878],[-95.012098,31.435788],[-95.003255,31.427356],[-95.005397,31.420891],[-94.976871,31.40928],[-94.977984,31.399571],[-94.965759,31.396604],[-94.95811,31.38693]]]}},{"type":"Feature","properties":{"name":"Bexar","fips":"48029","state":"TX","state_fips":"48"},"geometry":{"type":"Polygon","coordinates":[[[-98.137187,29.440428],[-98.407336,29.114435],[-98.804763,29.250693],[-98.806552,29.690709],[-98.778782,29.720167],[-98.73816,29.716576],[-98.728816,29.722455],[-98.734126,29.729451],[-98.717234,29.725275],[-98.699999,29.732605],[-98.700416,29.737397],[-98.660253,29.741571],[-98.663088,29.74754],[-98.651278,29.754024],[-98.643545,29.740357],[-98.626051,29.744332],[-98.614343,29.737602],[-98.603381,29.739933],[-98.601133,29.750039],[-98.582515,29.741187],[-98.550489,29.760713],[-98.54677,29.753263],[-98.534015,29.752353],[-98.526478,29.740357],[-98.523141,29.745264],[-98.476991,29.733436],[-98.466283,29.738522],[-98.459366,29.731773],[-98.44582,29.735829],[-98.438344,29.715627],[-98.427,29.717409],[-98.429722,29.723978],[-98.416957,29.73136],[-98.420673,29.743529],[-98.407471,29.748687],[-98.398339,29.737615],[-98.374083,29.73097],[-98.375141,29.719931],[-98.352589,29.734365],[-98.338618,29.721786],[-98.34135,29.70965],[-98.380161,29.703929],[-98.376315,29.687055],[-98.384341,29.676413],[-98.378547,29.662717],[-98.363764,29.666732],[-98.342865,29.653623],[-98.347706,29.644759],[-98.340528,29.629599],[-98.345252,29.618297],[-98.325473,29.603371],[-98.312222,29.601802],[-98.298524,29.561141],[-98.255191,29.54041],[-98.25853,29.554935],[-98.251279,29.549821],[-98.243974,29.556903],[-98.233899,29.554893],[-98.229917,29.546846],[-98.221589,29.547932],[-98.229741,29.542935],[-98.222347,29.538464],[-98.219,29.523704],[-98.204779,29.52215],[-98.196872,29.515626],[-98.199393,29.509661],[-98.190947,29.509551],[-98.185085,29.486089],[-98.176923,29.485217],[-98.183285,29.496518],[-98.17023,29.497864],[-98.164638,29.478091],[-98.150893,29.480602],[-98.149524,29.475766],[-98.142408,29.486491],[-98.13603,29.479139],[-98.12793,29.482585],[-98.122555,29.47797],[-98.117064,29.461743],[-98.126966,29.455727],[-98.120715,29.446624],[-98.137187,29.440428]]]}},{"type":"Feature","properties":{"name":"Mills","fips":"48333","state":"TX","state_fips":"48"},"geometry":{"type":"Polygon","coordinates":[[[-98.995091,31.467387],[-98.986941,31.478929],[-98.991625,31.48473],[-98.779951,31.610735],[-98.760057,31.687896],[-98.492802,31.723608],[-98.266794,31.410521],[-98.562732,31.230443],[-98.57981,31.265386],[-98.592793,31.266067],[-98.595651,31.253059],[-98.628349,31.274109],[-98.622135,31.285088],[-98.613815,31.281595],[-98.598189,31.286998],[-98.587268,31.325463],[-98.594411,31.326354],[-98.606849,31.312149],[-98.630771,31.310163],[-98.618108,31.322371],[-98.629946,31.326021],[-98.647633,31.31486],[-98.648531,31.323469],[-98.639639,31.332381],[-98.646969,31.340685],[-98.636375,31.352912],[-98.654614,31.358493],[-98.653476,31.370044],[-98.696644,31.339372],[-98.712352,31.347157],[-98.712542,31.355562],[-98.703054,31.360983],[-98.704348,31.380186],[-98.692811,31.389065],[-98.696634,31.407287],[-98.718416,31.404047],[-98.728399,31.411224],[-98.724493,31.427432],[-98.742512,31.428427],[-98.736732,31.4173],[-98.742271,31.405273],[-98.755672,31.400444],[-98.752984,31.385204],[-98.762589,31.375282],[-98.771696,31.380794],[-98.777894,31.377127],[-98.776638,31.413865],[-98.813317,31.404711],[-98.816021,31.417075],[-98.84677,31.410557],[-98.854744,31.4138],[-98.858827,31.434276],[-98.871017,31.443701],[-98.885453,31.442914],[-98.895557,31.433614],[-98.925192,31.433988],[-98.933188,31.436928],[-98.940985,31.458555],[-98.95378,31.454335],[-98.952985,31.447309],[-98.966046,31.435143],[-98.965018,31.453298],[-98.995091,31.467387]]]}},{"type":"Feature","properties":{"name":"Oldham","fips":"48359","state":"TX","state_fips":"48"},"geometry":{"type":"Polygon","coordinates":[[[-102.167471,35.183233],[-103.042511,35.183157],[-103.041706,35.622488],[-102.162809,35.627515],[-102.167471,35.183233]]]}},{"type":"Feature","properties":{"name":"Scurry","fips":"48415","state":"TX","state_fips":"48"},"geometry":{"type":"Polygon","coordinates":[[[-101.174562,32.527703],[-101.173378,32.963597],[-101.03866,32.970225],[-100.990181,32.965023],[-100.65587,32.963469],[-100.660626,32.525312],[-101.174562,32.527703]]]}},{"type":"Feature","properties":{"name":"Culberson","fips":"48109","state":"TX","state_fips":"48"},"geometry":{"type":"Polygon","coordinates":[[[-104.907592,30.835919],[-104.918691,32.000113],[-104.024512,32.000102],[-104.102354,31.105163],[-104.917163,30.663626],[-104.916396,30.835979],[-104.907592,30.835919]]]}},{"type":"Feature","properties":{"name":"Atascosa","fips":"48013","state":"TX","state_fips":"48"},"geometry":{"type":"Polygon","coordinates":[[[-98.098315,28.786949],[-98.335031,28.612658],[-98.335047,28.648275],[-98.800848,28.647306],[-98.804763,29.250693],[-98.407336,29.114435],[-98.098315,28.786949]]]}},{"type":"Feature","properties":{"name":"Potter","fips":"48375","state":"TX","state_fips":"48"},"geometry":{"type":"Polygon","coordinates":[[[-102.16746,35.184366],[-102.162752,35.620035],[-101.6228,35.620196],[-101.622941,35.183117],[-102.16746,35.184366]]]}},{"type":"Feature","properties":{"name":"Garza","fips":"48169","state":"TX","state_fips":"48"},"geometry":{"type":"Polygon","coordinates":[[[-101.03866,32.970225],[-101.557434,32.961025],[-101.556884,33.39476],[-101.038788,33.397214],[-101.03866,32.970225]]]}},{"type":"Feature","properties":{"name":"Coryell","fips":"48099","state":"TX","state_fips":"48"},"geometry":{"type":"Polygon","coordinates":[[[-97.418606,31.320202],[-97.9071,31.069374],[-98.180006,31.463717],[-97.689834,31.711019],[-97.418606,31.320202]]]}},{"type":"Feature","properties":{"name":"Harrison","fips":"48203","state":"TX","state_fips":"48"},"geometry":{"type":"Polygon","coordinates":[[[-94.701986,32.421782],[-94.70214,32.793088],[-94.507323,32.693738],[-94.383855,32.69334],[-94.372503,32.704155],[-94.363703,32.700624],[-94.339228,32.716545],[-94.329181,32.715739],[-94.316256,32.730381],[-94.296085,32.723618],[-94.275748,32.750479],[-94.259789,32.745267],[-94.256091,32.751792],[-94.24915,32.750236],[-94.247154,32.743344],[-94.242809,32.75073],[-94.225175,32.727588],[-94.235722,32.715526],[-94.222628,32.70337],[-94.176401,32.694694],[-94.161631,32.721448],[-94.144249,32.73296],[-94.144483,32.740981],[-94.092738,32.734269],[-94.091501,32.729301],[-94.102411,32.724875],[-94.088467,32.722816],[-94.092349,32.71589],[-94.102172,32.711425],[-94.113012,32.715051],[-94.117205,32.707248],[-94.09936,32.705572],[-94.090669,32.689232],[-94.043147,32.69303],[-94.042901,32.392283],[-94.348693,32.332323],[-94.35064,32.326583],[-94.367549,32.346178],[-94.372119,32.341088],[-94.382395,32.345123],[-94.3853,32.367098],[-94.410144,32.371645],[-94.409125,32.36738],[-94.419489,32.364813],[-94.421993,32.369542],[-94.439862,32.361809],[-94.446776,32.372144],[-94.456556,32.369264],[-94.476593,32.378541],[-94.478893,32.390043],[-94.499876,32.397805],[-94.515379,32.387145],[-94.527382,32.393566],[-94.525994,32.402323],[-94.541806,32.399296],[-94.554971,32.407603],[-94.589385,32.391442],[-94.599656,32.399814],[-94.645865,32.399506],[-94.660241,32.410339],[-94.668946,32.408968],[-94.675984,32.418307],[-94.671809,32.42172],[-94.68436,32.427181],[-94.701986,32.421782]]]}},{"type":"Feature","properties":{"name":"Reagan","fips":"48383","state":"TX","state_fips":"48"},"geometry":{"type":"Polygon","coordinates":[[[-101.776176,31.081392],[-101.775802,31.651319],[-101.267122,31.650854],[-101.274799,31.079379],[-101.776176,31.081392]]]}},{"type":"Feature","properties":{"name":"Coleman","fips":"48083","state":"TX","state_fips":"48"},"geometry":{"type":"Polygon","coordinates":[[[-99.722063,31.562761],[-99.713971,32.082089],[-99.195871,32.079235],[-99.203601,31.748646],[-99.202768,31.467234],[-99.2095,31.465324],[-99.236773,31.482824],[-99.247184,31.479712],[-99.272129,31.455161],[-99.271365,31.446881],[-99.289511,31.44337],[-99.287709,31.429327],[-99.30464,31.430696],[-99.303915,31.421306],[-99.314424,31.409784],[-99.34625,31.421907],[-99.343865,31.443282],[-99.357255,31.430858],[-99.402284,31.446198],[-99.405642,31.44942],[-99.398793,31.460083],[-99.424033,31.463891],[-99.440824,31.475009],[-99.449493,31.46993],[-99.449803,31.45766],[-99.445995,31.450181],[-99.434934,31.448275],[-99.468846,31.430676],[-99.470901,31.421733],[-99.494881,31.444999],[-99.511867,31.424401],[-99.536974,31.483558],[-99.573271,31.49372],[-99.591051,31.488644],[-99.620024,31.502086],[-99.624309,31.492685],[-99.607968,31.478107],[-99.612542,31.469698],[-99.625426,31.467429],[-99.65265,31.496475],[-99.677404,31.497693],[-99.670487,31.510926],[-99.654861,31.521509],[-99.654537,31.532165],[-99.692048,31.53288],[-99.692985,31.538242],[-99.678606,31.542932],[-99.671658,31.553136],[-99.691943,31.55465],[-99.70573,31.576899],[-99.71103,31.574813],[-99.710518,31.561454],[-99.722063,31.562761]]]}},{"type":"Feature","properties":{"name":"Ochiltree","fips":"48357","state":"TX","state_fips":"48"},"geometry":{"type":"Polygon","coordinates":[[[-101.085716,36.057572],[-101.085156,36.499244],[-100.546145,36.499343],[-100.546724,36.056536],[-101.085716,36.057572]]]}},{"type":"Feature","properties":{"name":"Crane","fips":"48103","state":"TX","state_fips":"48"},"geometry":{"type":"Polygon","coordinates":[[[-102.767365,31.293803],[-102.767246,31.651714],[-102.31805,31.651327],[-102.301212,31.086212],[-102.406153,31.08787],[-102.413601,31.108916],[-102.430276,31.129268],[-102.425294,31.136973],[-102.430033,31.146187],[-102.422757,31.148947],[-102.429545,31.193557],[-102.438508,31.197747],[-102.44209,31.212704],[-102.450595,31.213329],[-102.456093,31.223697],[-102.464553,31.217814],[-102.469258,31.219703],[-102.465771,31.22667],[-102.485728,31.238263],[-102.490611,31.235101],[-102.511327,31.259651],[-102.574723,31.272774],[-102.588705,31.260289],[-102.604051,31.270919],[-102.608596,31.286082],[-102.635712,31.293917],[-102.635165,31.305273],[-102.647842,31.315527],[-102.665224,31.313921],[-102.666224,31.325136],[-102.676104,31.330084],[-102.707559,31.311333],[-102.724875,31.308418],[-102.732277,31.29833],[-102.729976,31.287703],[-102.739244,31.282596],[-102.753719,31.279054],[-102.755578,31.291435],[-102.767365,31.293803]]]}},{"type":"Feature","properties":{"name":"Cochran","fips":"48079","state":"TX","state_fips":"48"},"geometry":{"type":"Polygon","coordinates":[[[-103.056485,33.388414],[-103.047409,33.824674],[-102.615447,33.825121],[-102.594836,33.388489],[-103.056485,33.388414]]]}},{"type":"Feature","properties":{"name":"Tarrant","fips":"48439","state":"TX","state_fips":"48"},"geometry":{"type":"Polygon","coordinates":[[[-97.031007,32.989691],[-97.038685,32.548666],[-97.550582,32.555391],[-97.544181,32.994177],[-97.031007,32.989691]]]}},{"type":"Feature","properties":{"name":"Jackson","fips":"48239","state":"TX","state_fips":"48"},"geometry":{"type":"Polygon","coordinates":[[[-96.658466,29.263876],[-96.309178,28.963291],[-96.323522,28.675597],[-96.404445,28.674409],[-96.39954,28.730231],[-96.407534,28.730278],[-96.420469,28.71361],[-96.428578,28.71372],[-96.428394,28.703523],[-96.57462,28.705503],[-96.577991,28.696835],[-96.580513,28.719439],[-96.588149,28.726416],[-96.644903,28.711425],[-96.65108,28.719331],[-96.642323,28.717059],[-96.645543,28.721139],[-96.659346,28.719975],[-96.668802,28.736299],[-96.663316,28.742281],[-96.671714,28.751071],[-96.670091,28.761191],[-96.686248,28.76375],[-96.68591,28.77193],[-96.697377,28.773831],[-96.696132,28.796606],[-96.706485,28.796101],[-96.701647,28.798187],[-96.706227,28.814867],[-96.723088,28.821188],[-96.712188,28.830538],[-96.713714,28.845114],[-96.703056,28.851641],[-96.711176,28.851228],[-96.722084,28.861835],[-96.738917,28.893595],[-96.75915,28.896797],[-96.775103,28.915363],[-96.792133,28.918803],[-96.807783,28.95597],[-96.805592,28.972651],[-96.832103,29.021299],[-96.938587,29.063244],[-96.658466,29.263876]]]}},{"type":"Feature","properties":{"name":"Swisher","fips":"48437","state":"TX","state_fips":"48"},"geometry":{"type":"Polygon","coordinates":[[[-101.998493,34.74819],[-101.471562,34.747462],[-101.47158,34.31229],[-101.99802,34.313039],[-101.998493,34.74819]]]}},{"type":"Feature","properties":{"name":"Parmer","fips":"48369","state":"TX","state_fips":"48"},"geometry":{"type":"Polygon","coordinates":[[[-103.043762,34.31275],[-103.042982,34.747361],[-102.525184,34.746931],[-102.525631,34.313034],[-103.043762,34.31275]]]}},{"type":"Feature","properties":{"name":"Galveston","fips":"48167","state":"TX","state_fips":"48"},"geometry":{"type":"Polygon","coordinates":[[[-95.232982,29.466163],[-95.216349,29.555766],[-95.201054,29.563212],[-95.193154,29.559518],[-95.199494,29.544656],[-95.18746,29.533982],[-95.189894,29.527317],[-95.169668,29.514892],[-95.170935,29.507548],[-95.161885,29.497317],[-95.125094,29.510263],[-95.104342,29.510696],[-95.103205,29.520853],[-95.09809,29.518322],[-95.093984,29.523983],[-95.096431,29.535071],[-95.07958,29.534363],[-95.080729,29.546223],[-95.058617,29.559144],[-95.02956,29.552193],[-95.028495,29.547449],[-95.017459,29.548522],[-95.018205,29.554597],[-95.014583,29.538884],[-94.982722,29.513469],[-94.911455,29.49624],[-94.8752,29.514671],[-94.825224,29.519078],[-94.793167,29.551111],[-94.779508,29.53025],[-94.755821,29.524501],[-94.617494,29.554775],[-94.555937,29.574528],[-94.545292,29.572129],[-94.524088,29.552439],[-94.520771,29.540833],[-94.498768,29.544464],[-94.474637,29.558329],[-94.422637,29.566306],[-94.412731,29.572703],[-94.417343,29.578121],[-94.413791,29.586872],[-94.419177,29.589193],[-94.408992,29.597467],[-94.371622,29.597247],[-94.369361,29.50062],[-94.499452,29.452337],[-94.650311,29.38282],[-94.636046,29.370636],[-94.623898,29.343143],[-94.629026,29.32164],[-94.65036,29.29189],[-94.680295,29.277603],[-94.713311,29.282521],[-94.772686,29.231718],[-94.912171,29.159318],[-95.000202,29.104452],[-95.091622,29.062739],[-95.129935,29.085618],[-95.056139,29.199279],[-95.232982,29.466163]]]}},{"type":"Feature","properties":{"name":"Harris","fips":"48201","state":"TX","state_fips":"48"},"geometry":{"type":"Polygon","coordinates":[[[-94.9697,29.682797],[-95.002399,29.663738],[-95.016106,29.638302],[-95.008558,29.623618],[-94.99817,29.620461],[-94.982606,29.601773],[-95.010791,29.570112],[-95.020877,29.553013],[-95.017459,29.548522],[-95.066852,29.558198],[-95.080729,29.546223],[-95.07958,29.534363],[-95.096736,29.534696],[-95.093984,29.523983],[-95.09809,29.518322],[-95.103205,29.520853],[-95.104342,29.510696],[-95.125094,29.510263],[-95.16161,29.497297],[-95.170935,29.507548],[-95.167498,29.512549],[-95.183104,29.519061],[-95.188339,29.53554],[-95.199469,29.544529],[-95.193436,29.55991],[-95.201054,29.563212],[-95.215847,29.554979],[-95.237985,29.561426],[-95.253756,29.553706],[-95.261915,29.593346],[-95.331723,29.5991],[-95.346353,29.585552],[-95.375942,29.588377],[-95.424196,29.580675],[-95.605466,29.664467],[-95.825975,29.788616],[-95.960733,30.163415],[-95.940856,30.144334],[-95.924364,30.142394],[-95.899154,30.12101],[-95.873522,30.121972],[-95.861927,30.105608],[-95.846484,30.100455],[-95.838811,30.08315],[-95.817045,30.081779],[-95.789076,30.094674],[-95.761249,30.086362],[-95.749001,30.095835],[-95.734038,30.093484],[-95.714483,30.102461],[-95.691004,30.098761],[-95.68381,30.107358],[-95.669017,30.101443],[-95.636866,30.12636],[-95.623933,30.126741],[-95.623154,30.135839],[-95.59061,30.135872],[-95.552503,30.170353],[-95.541975,30.170528],[-95.499896,30.14259],[-95.497606,30.122712],[-95.488301,30.107929],[-95.455141,30.104283],[-95.424216,30.115491],[-95.409872,30.092718],[-95.391742,30.082727],[-95.379234,30.087475],[-95.371017,30.078335],[-95.349674,30.076479],[-95.313909,30.051597],[-95.310994,30.032887],[-95.292912,30.027748],[-95.264138,30.032069],[-95.096708,30.167214],[-95.031179,29.993324],[-95.021908,29.996909],[-94.999847,29.991487],[-94.982152,29.964968],[-94.980922,29.955868],[-94.987696,29.952835],[-94.998745,29.919925],[-94.987809,29.904505],[-94.977138,29.868181],[-94.952352,29.854813],[-94.935148,29.834616],[-94.908663,29.82607],[-94.90905,29.813756],[-94.924163,29.795926],[-94.917018,29.786768],[-94.920007,29.771997],[-94.913435,29.766706],[-94.919016,29.765389],[-94.918836,29.755478],[-94.929654,29.750511],[-94.929019,29.737057],[-94.94553,29.717092],[-94.932566,29.714342],[-94.932964,29.705208],[-94.925102,29.703145],[-94.929909,29.69737],[-94.915826,29.698575],[-94.919869,29.686856],[-94.930268,29.673698],[-94.9697,29.682797]]]}},{"type":"Feature","properties":{"name":"Dawson","fips":"48115","state":"TX","state_fips":"48"},"geometry":{"type":"Polygon","coordinates":[[[-101.68874,32.525222],[-102.202703,32.523271],[-102.20852,32.958956],[-101.691284,32.961838],[-101.68874,32.525222]]]}},{"type":"Feature","properties":{"name":"Midland","fips":"48329","state":"TX","state_fips":"48"},"geometry":{"type":"Polygon","coordinates":[[[-102.287345,31.651276],[-102.287048,32.086991],[-101.776085,32.086925],[-101.775802,31.651319],[-102.287345,31.651276]]]}},{"type":"Feature","properties":{"name":"Panola","fips":"48365","state":"TX","state_fips":"48"},"geometry":{"type":"Polygon","coordinates":[[[-94.01563,31.979856],[-94.599978,31.973193],[-94.60156,32.079971],[-94.580747,32.159269],[-94.580256,32.202545],[-94.556223,32.250158],[-94.526504,32.278106],[-94.523838,32.296209],[-94.493361,32.356492],[-94.491818,32.394137],[-94.478893,32.390043],[-94.477288,32.378886],[-94.456556,32.369264],[-94.446776,32.372144],[-94.439862,32.361809],[-94.421993,32.369542],[-94.419489,32.364813],[-94.409125,32.36738],[-94.410144,32.371645],[-94.383772,32.366499],[-94.382909,32.345733],[-94.372119,32.341088],[-94.367549,32.346178],[-94.35064,32.326583],[-94.348693,32.332323],[-94.042901,32.392283],[-94.04272,31.999271],[-94.040874,31.992594],[-94.018514,31.992432],[-94.01563,31.979856]]]}},{"type":"Feature","properties":{"name":"Anderson","fips":"48001","state":"TX","state_fips":"48"},"geometry":{"type":"Polygon","coordinates":[[[-96.06486,31.980947],[-96.049045,31.997245],[-96.052786,32.005895],[-95.424107,32.083892],[-95.438496,32.066019],[-95.432084,32.060962],[-95.435776,32.053486],[-95.423818,32.049045],[-95.422193,32.042301],[-95.43588,32.039881],[-95.438673,32.033013],[-95.424106,32.018893],[-95.429784,32.006247],[-95.433718,32.009006],[-95.446146,31.999423],[-95.452902,31.976789],[-95.443942,31.963122],[-95.453521,31.959953],[-95.440762,31.94075],[-95.420231,31.926196],[-95.431873,31.913751],[-95.429211,31.901202],[-95.437522,31.901686],[-95.430978,31.880003],[-95.434589,31.873253],[-95.438882,31.876219],[-95.434837,31.866637],[-95.445221,31.857981],[-95.446884,31.843194],[-95.410166,31.834147],[-95.412515,31.826258],[-95.400786,31.818609],[-95.404252,31.803324],[-95.394036,31.784608],[-95.399427,31.774355],[-95.396531,31.765266],[-95.400269,31.767888],[-95.402125,31.76159],[-95.358239,31.749253],[-95.363067,31.736981],[-95.372679,31.73612],[-95.366428,31.726759],[-95.335378,31.734873],[-95.3327,31.728041],[-95.342471,31.717951],[-95.334022,31.712069],[-95.327862,31.71704],[-95.325714,31.703739],[-95.311361,31.706218],[-95.311732,31.696929],[-95.28325,31.676409],[-95.283743,31.663222],[-95.275767,31.656949],[-95.286154,31.64775],[-95.281664,31.636416],[-95.287866,31.63292],[-95.281693,31.625391],[-95.265021,31.62442],[-95.259694,31.60781],[-95.273203,31.592886],[-95.651764,31.541791],[-95.647171,31.527014],[-95.739279,31.504056],[-95.733877,31.508376],[-95.737034,31.518534],[-95.758748,31.533644],[-95.750875,31.540734],[-95.751072,31.551964],[-95.715497,31.554358],[-95.722248,31.569714],[-95.718233,31.573215],[-95.729486,31.583523],[-95.711185,31.603903],[-95.718468,31.632402],[-95.735681,31.653822],[-95.754105,31.648583],[-95.748669,31.617709],[-95.76108,31.599874],[-95.77198,31.598621],[-95.796653,31.631059],[-95.789519,31.64752],[-95.794081,31.66031],[-95.779743,31.683938],[-95.787553,31.692596],[-95.795202,31.675185],[-95.805732,31.671075],[-95.833718,31.695143],[-95.852779,31.697805],[-95.861985,31.687349],[-95.880931,31.701264],[-95.87485,31.702949],[-95.87521,31.718838],[-95.866561,31.718781],[-95.870039,31.739098],[-95.881025,31.735143],[-95.875617,31.743415],[-95.86679,31.741983],[-95.874718,31.754673],[-95.893927,31.758733],[-95.90081,31.752415],[-95.903257,31.762209],[-95.897333,31.766763],[-95.924607,31.765935],[-95.931026,31.774445],[-95.934656,31.769628],[-95.952566,31.775821],[-95.962814,31.789373],[-95.980568,31.784561],[-95.973041,31.819861],[-95.978493,31.834259],[-95.994556,31.843574],[-95.976912,31.870488],[-95.968053,31.8711],[-95.969759,31.876739],[-95.99091,31.876239],[-95.989117,31.868676],[-95.994127,31.866258],[-96.004667,31.872349],[-96.006926,31.881189],[-96.024683,31.873524],[-96.027949,31.879451],[-96.019669,31.903587],[-96.012869,31.911422],[-96.008332,31.905262],[-96.001341,31.90717],[-96.006269,31.924748],[-96.013442,31.929918],[-96.010521,31.93405],[-96.020774,31.937954],[-96.014512,31.9461],[-96.02193,31.957299],[-96.040837,31.952134],[-96.041451,31.944927],[-96.04644,31.951898],[-96.054688,31.948225],[-96.061883,31.959552],[-96.042908,31.962971],[-96.06486,31.980947]]]}},{"type":"Feature","properties":{"name":"Maverick","fips":"48323","state":"TX","state_fips":"48"},"geometry":{"type":"Polygon","coordinates":[[[-100.667358,29.084301],[-100.111406,29.086318],[-100.113719,28.197819],[-100.212189,28.196837],[-100.220288,28.23221],[-100.251636,28.23618],[-100.293474,28.278474],[-100.286476,28.312295],[-100.344402,28.389662],[-100.349588,28.402604],[-100.337063,28.427152],[-100.337798,28.44296],[-100.368288,28.477196],[-100.344181,28.486249],[-100.333814,28.499252],[-100.388262,28.514863],[-100.411269,28.550705],[-100.397301,28.575578],[-100.398462,28.585169],[-100.44732,28.609325],[-100.447091,28.642197],[-100.462866,28.641364],[-100.479636,28.655225],[-100.500354,28.66196],[-100.511998,28.705352],[-100.507613,28.740599],[-100.515156,28.742947],[-100.519226,28.756161],[-100.533408,28.759207],[-100.535438,28.805195],[-100.5452,28.812082],[-100.547324,28.825817],[-100.574728,28.828788],[-100.572878,28.848206],[-100.598877,28.875591],[-100.589499,28.886358],[-100.603011,28.887227],[-100.60109,28.901288],[-100.614222,28.901718],[-100.622436,28.909773],[-100.631611,28.902839],[-100.640568,28.914212],[-100.629706,28.921146],[-100.651512,28.943432],[-100.64604,28.987981],[-100.660208,29.031497],[-100.667358,29.084301]]]}},{"type":"Feature","properties":{"name":"Collingsworth","fips":"48087","state":"TX","state_fips":"48"},"geometry":{"type":"Polygon","coordinates":[[[-100.540703,34.747723],[-100.538978,35.183144],[-100.000385,35.182702],[-100.000381,34.746358],[-100.540703,34.747723]]]}},{"type":"Feature","properties":{"name":"Colorado","fips":"48089","state":"TX","state_fips":"48"},"geometry":{"type":"Polygon","coordinates":[[[-96.347358,29.411569],[-96.640315,29.247804],[-96.658466,29.263876],[-96.560555,29.335439],[-96.793132,29.577378],[-96.832812,29.576863],[-96.839205,29.584629],[-96.833293,29.595814],[-96.84425,29.608944],[-96.842987,29.616417],[-96.864996,29.632706],[-96.874222,29.632706],[-96.717043,29.792706],[-96.569844,29.961516],[-96.535705,29.907326],[-96.485091,29.867335],[-96.4743,29.867415],[-96.460523,29.854674],[-96.440802,29.853614],[-96.421031,29.829269],[-96.359666,29.818852],[-96.343247,29.829697],[-96.330869,29.814449],[-96.337384,29.801272],[-96.314663,29.786014],[-96.319628,29.775652],[-96.31184,29.756357],[-96.297194,29.749718],[-96.298778,29.738042],[-96.290528,29.734187],[-96.291544,29.728064],[-96.270117,29.71658],[-96.270462,29.705833],[-96.277769,29.700108],[-96.25976,29.66933],[-96.240354,29.657821],[-96.224679,29.66489],[-96.199251,29.656472],[-96.175422,29.633806],[-96.307672,29.514523],[-96.347358,29.411569]]]}},{"type":"Feature","properties":{"name":"Wise","fips":"48497","state":"TX","state_fips":"48"},"geometry":{"type":"Polygon","coordinates":[[[-97.918189,33.433873],[-97.383015,33.43289],[-97.39848,32.990839],[-97.921642,33.001284],[-97.918189,33.433873]]]}},{"type":"Feature","properties":{"name":"Williamson","fips":"48491","state":"TX","state_fips":"48"},"geometry":{"type":"Polygon","coordinates":[[[-98.049886,30.624155],[-97.96286,30.785641],[-97.8281,30.904414],[-97.624051,30.870004],[-97.269949,30.735362],[-97.155219,30.457344],[-97.334463,30.402843],[-97.376767,30.419196],[-97.393031,30.438768],[-97.415252,30.438337],[-97.434113,30.459719],[-97.459784,30.458317],[-97.510862,30.485265],[-97.523971,30.472175],[-97.54412,30.479596],[-97.546079,30.47542],[-97.552964,30.490295],[-97.563456,30.491832],[-97.568255,30.499725],[-97.596162,30.501481],[-97.606833,30.490313],[-97.651441,30.474894],[-97.663886,30.481593],[-97.682893,30.480066],[-97.688784,30.461401],[-97.746686,30.449404],[-97.753635,30.433287],[-97.77634,30.429768],[-97.779387,30.438401],[-97.811863,30.447018],[-97.84656,30.473425],[-97.862248,30.497309],[-97.855765,30.507401],[-97.871416,30.522714],[-97.867866,30.546499],[-97.902456,30.571328],[-97.921825,30.564231],[-97.926985,30.567654],[-97.915123,30.580567],[-97.921895,30.590958],[-97.917063,30.604871],[-97.934809,30.610286],[-97.956734,30.628249],[-97.977867,30.622114],[-97.9924,30.609494],[-98.006276,30.627516],[-98.012741,30.616767],[-98.036495,30.611726],[-98.049886,30.624155]]]}},{"type":"Feature","properties":{"name":"Travis","fips":"48453","state":"TX","state_fips":"48"},"geometry":{"type":"Polygon","coordinates":[[[-98.12342,30.486482],[-98.049886,30.624155],[-98.036495,30.611726],[-98.012741,30.616767],[-98.006276,30.627516],[-97.9924,30.609494],[-97.977867,30.622114],[-97.956734,30.628249],[-97.934809,30.610286],[-97.917063,30.604871],[-97.921895,30.590958],[-97.915123,30.580567],[-97.926985,30.567654],[-97.921825,30.564231],[-97.902456,30.571328],[-97.867866,30.546499],[-97.871416,30.522714],[-97.855765,30.507401],[-97.862248,30.497309],[-97.84656,30.473425],[-97.811863,30.447018],[-97.779387,30.438401],[-97.77634,30.429768],[-97.753635,30.433287],[-97.746686,30.449404],[-97.688784,30.461401],[-97.682893,30.480066],[-97.663886,30.481593],[-97.651441,30.474894],[-97.606833,30.490313],[-97.596162,30.501481],[-97.568255,30.499725],[-97.563456,30.491832],[-97.552964,30.490295],[-97.546079,30.47542],[-97.54412,30.479596],[-97.523971,30.472175],[-97.510862,30.485265],[-97.459784,30.458317],[-97.434113,30.459719],[-97.415252,30.438337],[-97.393031,30.438768],[-97.38339,30.42415],[-97.369539,30.419563],[-97.492482,30.210011],[-97.64937,30.067944],[-97.653693,30.071564],[-97.70879,30.023451],[-98.172977,30.356312],[-98.097709,30.467626],[-98.097778,30.498058],[-98.113723,30.485576],[-98.12342,30.486482]]]}},{"type":"Feature","properties":{"name":"Stephens","fips":"48429","state":"TX","state_fips":"48"},"geometry":{"type":"Polygon","coordinates":[[[-99.09605,32.514768],[-99.096016,32.957037],[-98.575616,32.954349],[-98.576256,32.515163],[-99.09605,32.514768]]]}},{"type":"Feature","properties":{"name":"Milam","fips":"48331","state":"TX","state_fips":"48"},"geometry":{"type":"Polygon","coordinates":[[[-96.6214,30.73072],[-97.155219,30.457344],[-97.269949,30.735362],[-97.315485,30.752363],[-97.258959,30.889579],[-96.829603,31.110411],[-96.830691,31.100415],[-96.809292,31.080471],[-96.820333,31.060955],[-96.79159,31.06508],[-96.784017,31.048243],[-96.768219,31.048859],[-96.767149,31.042829],[-96.779735,31.033379],[-96.770288,31.026861],[-96.77131,31.00214],[-96.755709,31.005378],[-96.746378,30.999575],[-96.747959,30.990447],[-96.756337,30.988819],[-96.759565,30.978286],[-96.772362,30.969065],[-96.755881,30.945536],[-96.756901,30.927947],[-96.743734,30.915661],[-96.730643,30.91611],[-96.73403,30.902929],[-96.72621,30.89852],[-96.71576,30.89732],[-96.69756,30.90879],[-96.684868,30.906045],[-96.68589,30.897021],[-96.697221,30.898417],[-96.6822,30.882],[-96.695002,30.878053],[-96.694853,30.864517],[-96.678709,30.843359],[-96.670047,30.841721],[-96.670192,30.833871],[-96.64128,30.818051],[-96.636186,30.797861],[-96.647545,30.790377],[-96.648322,30.780966],[-96.642288,30.776886],[-96.625249,30.780767],[-96.61274,30.75313],[-96.63291,30.74181],[-96.6214,30.73072]]]}},{"type":"Feature","properties":{"name":"Cooke","fips":"48097","state":"TX","state_fips":"48"},"geometry":{"type":"Polygon","coordinates":[[[-96.944611,33.949217],[-96.94386,33.41641],[-97.487065,33.433681],[-97.484163,33.91551],[-97.46142,33.90523],[-97.450948,33.891401],[-97.451469,33.87093],[-97.463202,33.84309],[-97.459068,33.834581],[-97.444193,33.823773],[-97.414155,33.817977],[-97.37469,33.818552],[-97.365497,33.823744],[-97.347213,33.845113],[-97.332457,33.884253],[-97.32334,33.87917],[-97.334178,33.862888],[-97.332804,33.855262],[-97.314257,33.865089],[-97.309172,33.888698],[-97.270916,33.858004],[-97.254235,33.865323],[-97.242172,33.906387],[-97.206141,33.91428],[-97.180845,33.895204],[-97.166629,33.847311],[-97.171627,33.835335],[-97.195832,33.830805],[-97.204995,33.81887],[-97.205431,33.801488],[-97.187724,33.769831],[-97.192565,33.75968],[-97.180143,33.754495],[-97.17219,33.737545],[-97.157373,33.725535],[-97.12125,33.717155],[-97.099234,33.726188],[-97.086451,33.743343],[-97.092936,33.803807],[-97.079105,33.812317],[-97.048146,33.817456],[-97.051949,33.832993],[-97.087204,33.841368],[-97.087964,33.852591],[-97.063786,33.859965],[-97.041042,33.837619],[-97.021438,33.846379],[-96.983835,33.890949],[-96.994288,33.949206],[-96.979415,33.956178],[-96.979818,33.941588],[-96.973807,33.935697],[-96.944611,33.949217]]]}},{"type":"Feature","properties":{"name":"Hartley","fips":"48205","state":"TX","state_fips":"48"},"geometry":{"type":"Polygon","coordinates":[[[-103.041706,35.622488],[-103.041062,36.055226],[-102.163015,36.055249],[-102.162809,35.627515],[-103.041706,35.622488]]]}},{"type":"Feature","properties":{"name":"Jim Wells","fips":"48249","state":"TX","state_fips":"48"},"geometry":{"type":"Polygon","coordinates":[[[-98.235497,28.057966],[-97.883148,28.0569],[-97.874955,28.050403],[-97.878101,28.046313],[-97.853334,28.036596],[-97.805827,28.041382],[-97.788988,28.013895],[-97.796576,28.011023],[-97.798517,27.995659],[-97.934274,27.885202],[-97.933603,27.776896],[-97.942146,27.635932],[-98.0598,27.635869],[-98.058078,27.260981],[-98.232464,27.262487],[-98.235497,28.057966]]]}},{"type":"Feature","properties":{"name":"Dimmit","fips":"48127","state":"TX","state_fips":"48"},"geometry":{"type":"Polygon","coordinates":[[[-99.394177,28.204627],[-100.113719,28.197819],[-100.114336,28.648122],[-99.395736,28.640784],[-99.394177,28.204627]]]}},{"type":"Feature","properties":{"name":"Hamilton","fips":"48193","state":"TX","state_fips":"48"},"geometry":{"type":"Polygon","coordinates":[[[-98.208386,31.917511],[-98.005462,32.017897],[-97.766431,31.672461],[-98.27107,31.416398],[-98.463736,31.683989],[-98.156568,31.841713],[-98.208386,31.917511]]]}},{"type":"Feature","properties":{"name":"Victoria","fips":"48469","state":"TX","state_fips":"48"},"geometry":{"type":"Polygon","coordinates":[[[-96.930367,28.586728],[-96.914971,28.569517],[-96.906169,28.571872],[-96.895144,28.549257],[-96.905923,28.532393],[-96.89112,28.506495],[-96.901722,28.509639],[-96.915844,28.498915],[-96.909904,28.490081],[-96.9155,28.485712],[-96.953155,28.503793],[-96.985914,28.499955],[-96.994862,28.509146],[-97.004635,28.508909],[-97.019738,28.520261],[-97.022296,28.516761],[-97.024812,28.539072],[-97.031769,28.541483],[-97.041268,28.531536],[-97.051467,28.535124],[-97.045049,28.550065],[-97.062847,28.547336],[-97.059073,28.54502],[-97.062239,28.540774],[-97.072124,28.547133],[-97.077425,28.540277],[-97.079671,28.545473],[-97.077339,28.534142],[-97.082084,28.532223],[-97.094925,28.538431],[-97.104252,28.554743],[-97.123372,28.545252],[-97.139462,28.554166],[-97.147817,28.54637],[-97.148783,28.553278],[-97.160432,28.55036],[-97.16417,28.565076],[-97.153773,28.569778],[-97.170245,28.577535],[-97.165757,28.581299],[-97.171237,28.586714],[-97.16194,28.585411],[-97.17581,28.594265],[-97.182359,28.610602],[-97.167731,28.727846],[-97.170695,28.736868],[-97.178408,28.738081],[-97.166706,28.750269],[-97.160834,28.782967],[-97.175402,28.78959],[-97.190182,28.812473],[-97.186665,28.834079],[-97.202759,28.853849],[-97.216576,28.860639],[-97.236241,28.864889],[-97.234987,28.854118],[-97.254062,28.857549],[-97.259483,28.84726],[-97.300508,28.844109],[-97.304854,28.849976],[-97.297589,28.860472],[-97.305916,28.864037],[-96.976378,29.104046],[-96.938587,29.063244],[-96.832103,29.021299],[-96.805592,28.972651],[-96.807783,28.95597],[-96.792133,28.918803],[-96.775103,28.915363],[-96.75915,28.896797],[-96.738917,28.893595],[-96.722084,28.861835],[-96.711176,28.851228],[-96.703056,28.851641],[-96.713714,28.845114],[-96.712188,28.830538],[-96.723088,28.821188],[-96.706227,28.814867],[-96.701647,28.798187],[-96.706485,28.796101],[-96.696132,28.796606],[-96.697377,28.773831],[-96.68591,28.77193],[-96.686248,28.76375],[-96.670091,28.761191],[-96.671714,28.751071],[-96.663316,28.742281],[-96.668802,28.736299],[-96.659814,28.720387],[-96.654068,28.72341],[-96.642323,28.717059],[-96.650326,28.72098],[-96.643442,28.712105],[-96.659789,28.701671],[-96.665707,28.705705],[-96.722814,28.669759],[-96.853757,28.635199],[-96.930367,28.586728]]]}},{"type":"Feature","properties":{"name":"Callahan","fips":"48059","state":"TX","state_fips":"48"},"geometry":{"type":"Polygon","coordinates":[[[-99.114293,32.514811],[-99.118665,32.079585],[-99.631413,32.081274],[-99.629579,32.514657],[-99.114293,32.514811]]]}},{"type":"Feature","properties":{"name":"Rains","fips":"48379","state":"TX","state_fips":"48"},"geometry":{"type":"Polygon","coordinates":[[[-95.987259,32.876415],[-95.972827,32.898176],[-95.9453,32.979877],[-95.667728,32.979554],[-95.635017,32.72038],[-95.639597,32.724488],[-95.641211,32.717989],[-95.668042,32.713317],[-95.67775,32.72797],[-95.688176,32.728294],[-95.691181,32.737276],[-95.701803,32.737629],[-95.702341,32.742431],[-95.733518,32.746179],[-95.739182,32.756833],[-95.762335,32.755446],[-95.761108,32.769858],[-95.770043,32.772719],[-95.784683,32.770135],[-95.795432,32.775813],[-95.815834,32.76549],[-95.814807,32.770957],[-95.827871,32.76684],[-95.85075,32.770758],[-95.894583,32.803643],[-95.922362,32.815557],[-95.934939,32.840339],[-95.956424,32.844941],[-95.987259,32.876415]]]}},{"type":"Feature","properties":{"name":"McCulloch","fips":"48307","state":"TX","state_fips":"48"},"geometry":{"type":"Polygon","coordinates":[[[-99.090622,31.460927],[-99.092317,30.941002],[-99.603627,30.940726],[-99.60185,31.49195],[-99.572559,31.49365],[-99.536723,31.483429],[-99.512393,31.424523],[-99.495661,31.444975],[-99.471326,31.421585],[-99.468846,31.430676],[-99.436896,31.446032],[-99.449803,31.45766],[-99.449493,31.46993],[-99.441613,31.475115],[-99.424033,31.463891],[-99.398793,31.460083],[-99.405642,31.44942],[-99.402284,31.446198],[-99.357255,31.430858],[-99.343865,31.443282],[-99.34625,31.421907],[-99.314424,31.409784],[-99.304252,31.42059],[-99.303544,31.431821],[-99.288363,31.428778],[-99.289511,31.44337],[-99.271365,31.446881],[-99.271178,31.456283],[-99.24,31.482843],[-99.2095,31.465324],[-99.194023,31.473375],[-99.1841,31.453733],[-99.159463,31.468198],[-99.135248,31.465736],[-99.124854,31.45641],[-99.119382,31.467713],[-99.110055,31.466448],[-99.108999,31.455751],[-99.097937,31.448186],[-99.090622,31.460927]]]}},{"type":"Feature","properties":{"name":"Crockett","fips":"48105","state":"TX","state_fips":"48"},"geometry":{"type":"Polygon","coordinates":[[[-102.371216,31.085308],[-102.388726,31.087156],[-102.200604,31.085088],[-101.862373,31.07977],[-100.962176,31.08249],[-100.960643,30.287776],[-101.7584,30.288044],[-101.744509,30.301277],[-101.737097,30.326921],[-101.715404,30.339822],[-101.694414,30.346763],[-101.672753,30.339502],[-101.658886,30.342622],[-101.65853,30.357861],[-101.697644,30.380773],[-101.694458,30.393294],[-101.700331,30.401271],[-101.728732,30.408293],[-101.740594,30.421661],[-101.720074,30.44281],[-101.718882,30.454763],[-101.731819,30.46002],[-101.731762,30.467608],[-101.721896,30.471016],[-101.702072,30.457384],[-101.688867,30.46762],[-101.691825,30.491418],[-101.675079,30.502011],[-101.679701,30.522513],[-101.646506,30.551112],[-101.64846,30.56696],[-101.66353,30.588858],[-101.656198,30.604051],[-101.659928,30.613167],[-101.652362,30.620231],[-101.669833,30.637907],[-101.689233,30.63885],[-101.711559,30.654708],[-101.751604,30.649549],[-101.760671,30.658323],[-101.76889,30.65322],[-101.779818,30.685993],[-101.809987,30.70227],[-101.807952,30.725266],[-101.815828,30.752015],[-101.838985,30.763919],[-101.834952,30.780288],[-101.839894,30.785281],[-101.831469,30.80173],[-101.847295,30.82867],[-101.849901,30.856866],[-101.860262,30.873872],[-101.891095,30.890162],[-101.874264,30.91183],[-101.877641,30.920096],[-101.918628,30.93463],[-101.921472,30.946795],[-101.938038,30.950958],[-101.93618,30.957762],[-101.952281,30.955879],[-101.961123,30.970709],[-101.984099,30.987335],[-101.993147,30.989326],[-102.011667,30.979338],[-102.027877,30.99816],[-102.049179,31.00364],[-102.079144,30.986933],[-102.09716,30.9956],[-102.1099,30.990321],[-102.126348,31.001186],[-102.139397,30.994925],[-102.15193,31.007302],[-102.174079,31.006969],[-102.180886,31.016701],[-102.191731,31.003788],[-102.202032,31.031026],[-102.24694,31.042262],[-102.284785,31.033815],[-102.29939,31.041797],[-102.303801,31.051878],[-102.317162,31.052369],[-102.318569,31.060993],[-102.329887,31.068344],[-102.349381,31.070088],[-102.347698,31.073994],[-102.371216,31.085308]]]}},{"type":"Feature","properties":{"name":"Hill","fips":"48217","state":"TX","state_fips":"48"},"geometry":{"type":"Polygon","coordinates":[[[-97.037266,31.863079],[-97.277265,31.745492],[-97.310335,31.761552],[-97.326497,31.789741],[-97.281,31.824335],[-97.27831,31.839468],[-97.303743,31.84839],[-97.329135,31.841875],[-97.352368,31.859935],[-97.382848,31.870788],[-97.38182,31.884255],[-97.359367,31.889632],[-97.398334,31.909806],[-97.409417,31.908254],[-97.422731,31.923182],[-97.439471,31.929775],[-97.37731,31.979515],[-97.381302,31.985596],[-97.405639,31.987566],[-97.421818,32.004826],[-97.426387,32.028557],[-97.44769,32.012499],[-97.474942,32.010081],[-97.485968,32.017611],[-97.492092,32.059723],[-97.469933,32.091648],[-97.496776,32.136119],[-97.469212,32.148305],[-97.456645,32.16378],[-97.461285,32.171937],[-97.476086,32.17346],[-97.471811,32.17552],[-97.475985,32.181679],[-97.087043,32.266824],[-96.940656,32.052087],[-96.896209,32.073977],[-96.719114,31.814887],[-96.932215,31.708887],[-97.037266,31.863079]]]}},{"type":"Feature","properties":{"name":"Waller","fips":"48473","state":"TX","state_fips":"48"},"geometry":{"type":"Polygon","coordinates":[[[-96.192208,30.136664],[-96.187802,30.141692],[-96.17176,30.13983],[-96.182637,30.149406],[-96.180662,30.155684],[-96.152527,30.143128],[-96.150126,30.155445],[-96.162006,30.164915],[-96.154562,30.177124],[-96.159962,30.182109],[-96.15901,30.206613],[-96.146482,30.218425],[-96.129247,30.210978],[-96.115929,30.227881],[-96.097435,30.214472],[-96.088941,30.228718],[-95.804306,30.24557],[-95.80333,30.090096],[-95.809752,30.085232],[-95.838811,30.08315],[-95.846484,30.100455],[-95.861927,30.105608],[-95.873522,30.121972],[-95.899154,30.12101],[-95.924364,30.142394],[-95.940856,30.144334],[-95.960733,30.163415],[-95.82622,29.78828],[-95.950931,29.740769],[-95.971287,29.740454],[-95.97094,29.728554],[-96.032711,29.727944],[-96.039989,29.738875],[-96.029259,29.752585],[-96.043009,29.779129],[-96.042242,29.795314],[-96.0646,29.806939],[-96.102496,29.809665],[-96.098172,29.826728],[-96.107925,29.82228],[-96.122097,29.839404],[-96.100939,29.852514],[-96.110202,29.858672],[-96.112227,29.872557],[-96.092476,29.881821],[-96.10434,29.882641],[-96.125949,29.897709],[-96.12383,29.907149],[-96.11317,29.914356],[-96.131125,29.938731],[-96.122905,29.949026],[-96.108436,29.94063],[-96.100796,29.943526],[-96.106352,29.9555],[-96.11946,29.955017],[-96.126038,29.964969],[-96.092768,29.961488],[-96.102898,29.967178],[-96.095703,29.978139],[-96.104516,29.996378],[-96.101124,30.004057],[-96.091567,29.998218],[-96.084541,30.005137],[-96.09663,30.027613],[-96.113221,30.026997],[-96.107057,30.036149],[-96.114671,30.048808],[-96.146441,30.064486],[-96.151247,30.076396],[-96.137,30.066997],[-96.13378,30.07096],[-96.142287,30.084234],[-96.158421,30.091709],[-96.153985,30.107989],[-96.169936,30.098785],[-96.175046,30.112435],[-96.188653,30.110463],[-96.191235,30.117577],[-96.178687,30.119773],[-96.192208,30.136664]]]}},{"type":"Feature","properties":{"name":"Morris","fips":"48343","state":"TX","state_fips":"48"},"geometry":{"type":"Polygon","coordinates":[[[-94.818469,32.977791],[-94.808783,33.363636],[-94.807528,33.365972],[-94.795573,33.361254],[-94.79672,33.354566],[-94.791125,33.355963],[-94.79743,33.348384],[-94.789872,33.344924],[-94.785805,33.349596],[-94.781867,33.344261],[-94.78941,33.337893],[-94.776914,33.33276],[-94.78401,33.323829],[-94.776045,33.321011],[-94.781447,33.318722],[-94.763959,33.322885],[-94.754251,33.31798],[-94.745631,33.329932],[-94.725921,33.307107],[-94.710455,33.308577],[-94.702792,33.315815],[-94.69578,33.307205],[-94.691826,33.312405],[-94.68686,33.292983],[-94.676496,33.294769],[-94.675134,33.286248],[-94.652448,33.275709],[-94.653994,32.879506],[-94.705878,32.879177],[-94.706691,32.894773],[-94.721664,32.900865],[-94.726672,32.913114],[-94.768966,32.925894],[-94.786497,32.959414],[-94.818469,32.977791]]]}},{"type":"Feature","properties":{"name":"Washington","fips":"48477","state":"TX","state_fips":"48"},"geometry":{"type":"Polygon","coordinates":[[[-96.288894,30.096833],[-96.518814,30.065198],[-96.585899,30.064668],[-96.594141,30.071022],[-96.62198,30.044283],[-96.623863,30.066713],[-96.634289,30.075701],[-96.633673,30.106142],[-96.653112,30.12999],[-96.647223,30.145174],[-96.683394,30.151038],[-96.687141,30.16435],[-96.714989,30.144983],[-96.735445,30.147393],[-96.766937,30.138745],[-96.773016,30.149466],[-96.794552,30.160545],[-96.741603,30.197292],[-96.742542,30.226998],[-96.732013,30.243666],[-96.714815,30.251047],[-96.706626,30.244627],[-96.685539,30.248954],[-96.684234,30.257949],[-96.657895,30.287777],[-96.639742,30.297369],[-96.573524,30.310699],[-96.559326,30.323763],[-96.541661,30.317816],[-96.515029,30.326083],[-96.507446,30.321812],[-96.496041,30.324358],[-96.487013,30.337883],[-96.478256,30.333164],[-96.456511,30.338603],[-96.455138,30.344534],[-96.422745,30.343372],[-96.411889,30.358245],[-96.406088,30.35107],[-96.377966,30.355624],[-96.375299,30.363338],[-96.35802,30.373125],[-96.340666,30.367841],[-96.312795,30.3843],[-96.269732,30.358458],[-96.262915,30.370021],[-96.25175,30.365384],[-96.220896,30.376384],[-96.209763,30.374036],[-96.199544,30.38291],[-96.195546,30.399689],[-96.178661,30.394718],[-96.173219,30.387675],[-96.176162,30.375519],[-96.15904,30.378621],[-96.149872,30.36879],[-96.160474,30.340121],[-96.152789,30.32801],[-96.119506,30.304821],[-96.094404,30.309371],[-96.100321,30.291809],[-96.084049,30.285065],[-96.09912,30.255174],[-96.08605,30.252541],[-96.080839,30.244305],[-96.083327,30.238312],[-96.096936,30.243007],[-96.103145,30.238681],[-96.105379,30.23287],[-96.09557,30.22876],[-96.093122,30.220447],[-96.098936,30.214525],[-96.115929,30.227881],[-96.129247,30.210978],[-96.147428,30.217976],[-96.15901,30.206613],[-96.159962,30.182109],[-96.154562,30.177124],[-96.162006,30.164915],[-96.150126,30.155445],[-96.152527,30.143128],[-96.180662,30.155684],[-96.182637,30.149406],[-96.17176,30.13983],[-96.187802,30.141692],[-96.192208,30.136664],[-96.178687,30.119773],[-96.191235,30.117577],[-96.188653,30.110463],[-96.175046,30.112435],[-96.169936,30.098785],[-96.153985,30.107989],[-96.158421,30.091709],[-96.142287,30.084234],[-96.134661,30.067529],[-96.151247,30.076396],[-96.146052,30.070224],[-96.165754,30.053229],[-96.190179,30.064906],[-96.206786,30.066961],[-96.209964,30.062305],[-96.228862,30.075718],[-96.259462,30.075749],[-96.271221,30.094113],[-96.288894,30.096833]]]}},{"type":"Feature","properties":{"name":"Lynn","fips":"48305","state":"TX","state_fips":"48"},"geometry":{"type":"Polygon","coordinates":[[[-101.556884,33.39476],[-101.557434,32.961025],[-102.076214,32.959702],[-102.075929,33.389586],[-101.556884,33.39476]]]}},{"type":"Feature","properties":{"name":"Kaufman","fips":"48257","state":"TX","state_fips":"48"},"geometry":{"type":"Polygon","coordinates":[[[-96.076801,32.838489],[-96.075899,32.357505],[-96.452372,32.358659],[-96.452235,32.370779],[-96.448611,32.366458],[-96.443715,32.370072],[-96.448577,32.37597],[-96.43717,32.378988],[-96.439826,32.400133],[-96.434354,32.411085],[-96.450295,32.424576],[-96.477445,32.434406],[-96.484335,32.451482],[-96.498168,32.453408],[-96.492827,32.466233],[-96.510215,32.481926],[-96.501844,32.488207],[-96.508748,32.491931],[-96.506701,32.497557],[-96.500482,32.495507],[-96.513286,32.512143],[-96.501854,32.511895],[-96.507598,32.517478],[-96.50299,32.525991],[-96.509406,32.526477],[-96.511702,32.536005],[-96.519465,32.531591],[-96.523766,32.541168],[-96.529228,32.540404],[-96.529678,32.54528],[-96.523118,32.545214],[-96.51897,32.813616],[-96.297376,32.814185],[-96.297322,32.841723],[-96.076801,32.838489]]]}},{"type":"Feature","properties":{"name":"Van Zandt","fips":"48467","state":"TX","state_fips":"48"},"geometry":{"type":"Polygon","coordinates":[[[-95.763867,32.757904],[-95.739182,32.756833],[-95.733518,32.746179],[-95.702341,32.742431],[-95.662443,32.711674],[-95.641211,32.717989],[-95.637085,32.724666],[-95.626279,32.708703],[-95.605114,32.704924],[-95.604027,32.696294],[-95.593466,32.693638],[-95.5943,32.479858],[-95.572885,32.461441],[-95.552778,32.453601],[-95.524791,32.421168],[-95.506931,32.414935],[-95.493687,32.389463],[-95.4704,32.368798],[-95.454508,32.366917],[-95.449165,32.355233],[-96.075899,32.357505],[-96.076801,32.838489],[-95.933814,32.837088],[-95.922362,32.815557],[-95.894583,32.803643],[-95.85075,32.770758],[-95.827871,32.76684],[-95.814807,32.770957],[-95.815834,32.76549],[-95.795432,32.775813],[-95.784683,32.770135],[-95.770147,32.772741],[-95.76105,32.769722],[-95.763867,32.757904]]]}},{"type":"Feature","properties":{"name":"Hardin","fips":"48199","state":"TX","state_fips":"48"},"geometry":{"type":"Polygon","coordinates":[[[-94.236055,30.165283],[-94.254827,30.172627],[-94.260553,30.167315],[-94.275451,30.170265],[-94.276518,30.140089],[-94.292629,30.117671],[-94.330406,30.11481],[-94.342126,30.103124],[-94.350753,30.103804],[-94.350655,30.109173],[-94.364612,30.101357],[-94.375892,30.10922],[-94.391873,30.105948],[-94.399315,30.09737],[-94.412434,30.098154],[-94.439166,30.115926],[-94.596338,30.112101],[-94.732732,30.490066],[-94.537926,30.491059],[-94.545717,30.526977],[-94.071689,30.526033],[-94.084089,30.5056],[-94.078889,30.490064],[-94.085457,30.489839],[-94.093392,30.474067],[-94.103088,30.468733],[-94.094526,30.465561],[-94.107395,30.450312],[-94.106843,30.437466],[-94.119394,30.426298],[-94.112847,30.41498],[-94.12005,30.411248],[-94.113296,30.406073],[-94.116863,30.397722],[-94.103625,30.393911],[-94.108599,30.387282],[-94.102184,30.384779],[-94.102696,30.368743],[-94.08292,30.345654],[-94.096576,30.3386],[-94.102837,30.325388],[-94.098187,30.323233],[-94.105941,30.322863],[-94.099784,30.318636],[-94.101828,30.310522],[-94.117792,30.300554],[-94.114196,30.28611],[-94.120503,30.284055],[-94.111889,30.273061],[-94.113565,30.262854],[-94.104397,30.266227],[-94.096455,30.258682],[-94.118499,30.244153],[-94.117956,30.216226],[-94.09173,30.205847],[-94.091297,30.19781],[-94.098003,30.198771],[-94.098767,30.188126],[-94.107489,30.192481],[-94.114851,30.173235],[-94.11026,30.165747],[-94.115917,30.160347],[-94.122213,30.166252],[-94.169016,30.173448],[-94.165522,30.176232],[-94.173185,30.17895],[-94.174922,30.187642],[-94.188713,30.1792],[-94.195121,30.189106],[-94.199158,30.184457],[-94.209577,30.187724],[-94.220926,30.170667],[-94.231271,30.172554],[-94.236055,30.165283]]]}},{"type":"Feature","properties":{"name":"Collin","fips":"48085","state":"TX","state_fips":"48"},"geometry":{"type":"Polygon","coordinates":[[[-96.844122,32.987435],[-96.83411,33.405498],[-96.384602,33.397826],[-96.384495,33.341119],[-96.295413,33.351936],[-96.297227,32.981752],[-96.844122,32.987435]]]}},{"type":"Feature","properties":{"name":"Brazoria","fips":"48039","state":"TX","state_fips":"48"},"geometry":{"type":"Polygon","coordinates":[[[-95.462602,29.439238],[-95.424196,29.580675],[-95.417108,29.583277],[-95.346353,29.585552],[-95.331723,29.5991],[-95.282809,29.597749],[-95.261295,29.592791],[-95.253756,29.553706],[-95.237985,29.561426],[-95.214559,29.557063],[-95.233081,29.465566],[-95.056139,29.199279],[-95.129935,29.085618],[-95.087257,29.057996],[-95.093799,29.033327],[-95.106528,29.014935],[-95.139469,28.991697],[-95.227228,28.910379],[-95.308121,28.85883],[-95.329847,28.828699],[-95.377987,28.810279],[-95.420071,28.805625],[-95.49565,28.764837],[-95.507306,28.825761],[-95.504096,28.837735],[-95.530471,28.829098],[-95.573671,28.832767],[-95.57924,28.859613],[-95.642118,28.904257],[-95.651555,28.920008],[-95.645822,28.938888],[-95.655071,28.95153],[-95.676211,28.964772],[-95.684244,28.960473],[-95.69913,28.969537],[-95.769393,28.971109],[-95.767204,28.991608],[-95.778339,28.997053],[-95.767706,29.003842],[-95.784401,29.007508],[-95.776099,29.01789],[-95.782027,29.020871],[-95.779284,29.034487],[-95.7855,29.03915],[-95.765086,29.060848],[-95.793434,29.072222],[-95.805905,29.090539],[-95.829117,29.088915],[-95.841894,29.099093],[-95.846379,29.107579],[-95.837849,29.13418],[-95.850492,29.156923],[-95.838371,29.176564],[-95.857805,29.193315],[-95.844667,29.204676],[-95.874028,29.229702],[-95.841948,29.258707],[-95.847656,29.26259],[-95.79782,29.307971],[-95.784013,29.296249],[-95.752866,29.324503],[-95.66509,29.298891],[-95.655472,29.29116],[-95.638837,29.297186],[-95.626058,29.293091],[-95.620816,29.299839],[-95.625777,29.312981],[-95.604975,29.330737],[-95.590793,29.327485],[-95.5792,29.34062],[-95.582651,29.350373],[-95.573856,29.35554],[-95.580837,29.362084],[-95.572341,29.383826],[-95.547577,29.395197],[-95.546028,29.408584],[-95.556401,29.424613],[-95.550622,29.438306],[-95.462602,29.439238]]]}},{"type":"Feature","properties":{"name":"Throckmorton","fips":"48447","state":"TX","state_fips":"48"},"geometry":{"type":"Polygon","coordinates":[[[-99.472444,33.399023],[-98.953938,33.397534],[-98.950875,32.956918],[-99.471258,32.957025],[-99.472444,33.399023]]]}},{"type":"Feature","properties":{"name":"Tyler","fips":"48457","state":"TX","state_fips":"48"},"geometry":{"type":"Polygon","coordinates":[[[-94.545717,30.526977],[-94.657992,31.012007],[-94.561943,31.058952],[-94.548279,31.053369],[-94.547625,31.059166],[-94.536366,31.051829],[-94.526727,31.055861],[-94.508667,31.0432],[-94.491836,31.044912],[-94.485457,31.03136],[-94.472883,31.026088],[-94.444897,31.034395],[-94.450251,31.003071],[-94.434305,31.006924],[-94.435988,31.013761],[-94.413814,31.026493],[-94.382951,31.026224],[-94.374997,31.035314],[-94.374686,31.031111],[-94.35465,31.032166],[-94.353448,31.039469],[-94.337754,31.036776],[-94.324216,31.020133],[-94.292592,31.042888],[-94.283072,31.036832],[-94.286324,31.027136],[-94.281222,31.018382],[-94.238424,31.013705],[-94.233075,30.986342],[-94.241382,30.992474],[-94.239292,30.972906],[-94.245013,30.96676],[-94.227851,30.957792],[-94.23373,30.952084],[-94.226992,30.950437],[-94.228607,30.939716],[-94.2232,30.947648],[-94.220991,30.935318],[-94.210018,30.938024],[-94.199527,30.92881],[-94.208105,30.922624],[-94.204991,30.914624],[-94.215928,30.901533],[-94.200433,30.892597],[-94.205423,30.887203],[-94.193749,30.877598],[-94.199089,30.874572],[-94.189945,30.872001],[-94.193019,30.863834],[-94.200963,30.863533],[-94.191001,30.837454],[-94.180129,30.83427],[-94.185936,30.831362],[-94.178332,30.823127],[-94.187732,30.824311],[-94.189074,30.818155],[-94.177628,30.811933],[-94.1815,30.797397],[-94.150119,30.790203],[-94.132978,30.765154],[-94.139896,30.75589],[-94.128287,30.745412],[-94.138256,30.730939],[-94.129496,30.719447],[-94.137467,30.71476],[-94.123038,30.700891],[-94.125824,30.684052],[-94.090094,30.6876],[-94.089126,30.673261],[-94.082304,30.666929],[-94.086405,30.657272],[-94.073216,30.655927],[-94.073608,30.661438],[-94.079543,30.660838],[-94.074186,30.667764],[-94.053125,30.648991],[-94.059839,30.64697],[-94.051562,30.641792],[-94.05301,30.629413],[-94.075835,30.618042],[-94.069704,30.610695],[-94.081199,30.607227],[-94.079316,30.598074],[-94.085443,30.59754],[-94.08245,30.592115],[-94.095864,30.576781],[-94.085902,30.569724],[-94.093871,30.567313],[-94.08591,30.547276],[-94.071279,30.541845],[-94.068322,30.528322],[-94.545717,30.526977]]]}},{"type":"Feature","properties":{"name":"Nacogdoches","fips":"48347","state":"TX","state_fips":"48"},"geometry":{"type":"Polygon","coordinates":[[[-94.978134,31.793514],[-94.953901,31.797],[-94.954256,31.805524],[-94.946712,31.807127],[-94.942258,31.817826],[-94.948322,31.826326],[-94.934686,31.834022],[-94.937532,31.845555],[-94.451711,31.844131],[-94.433926,31.824635],[-94.424127,31.800215],[-94.427266,31.777328],[-94.432401,31.775157],[-94.420183,31.764947],[-94.41249,31.746361],[-94.416879,31.706051],[-94.406939,31.695293],[-94.407006,31.665122],[-94.398315,31.661204],[-94.403896,31.65949],[-94.397668,31.655656],[-94.395361,31.638752],[-94.374627,31.638994],[-94.366165,31.633224],[-94.367372,31.624201],[-94.356709,31.622622],[-94.35043,31.606484],[-94.339989,31.608786],[-94.32799,31.591984],[-94.310875,31.589191],[-94.313592,31.575686],[-94.305441,31.571149],[-94.307665,31.538215],[-94.302368,31.533876],[-94.307074,31.530836],[-94.300038,31.526903],[-94.309418,31.524204],[-94.31013,31.517016],[-94.305958,31.518655],[-94.310573,31.515905],[-94.30427,31.514811],[-94.302146,31.505276],[-94.311648,31.494371],[-94.307592,31.492309],[-94.316128,31.495828],[-94.319123,31.478924],[-94.311842,31.468789],[-94.313529,31.455539],[-94.324993,31.43941],[-94.304935,31.421824],[-94.3142,31.402922],[-94.326934,31.399991],[-94.323006,31.385417],[-94.327783,31.384137],[-94.324583,31.375723],[-94.33119,31.362966],[-94.31344,31.337524],[-94.322585,31.321787],[-94.314935,31.308069],[-94.327025,31.291362],[-94.32219,31.285513],[-94.339634,31.263273],[-94.328894,31.250699],[-94.339773,31.24082],[-94.324778,31.230892],[-94.327991,31.223177],[-94.334961,31.223238],[-94.35052,31.247456],[-94.357193,31.246925],[-94.357631,31.25959],[-94.383027,31.274109],[-94.385391,31.290009],[-94.395187,31.301861],[-94.447706,31.317796],[-94.45234,31.340421],[-94.458201,31.341185],[-94.455964,31.351893],[-94.471458,31.373684],[-94.466067,31.378544],[-94.492515,31.394716],[-94.489715,31.399001],[-94.502188,31.410525],[-94.504504,31.406333],[-94.51128,31.411761],[-94.517505,31.401709],[-94.537559,31.39863],[-94.544888,31.431715],[-94.581452,31.433189],[-94.582859,31.443716],[-94.595311,31.444474],[-94.593809,31.449314],[-94.60419,31.440532],[-94.62793,31.438852],[-94.660266,31.452354],[-94.664422,31.459607],[-94.674147,31.452454],[-94.695488,31.451706],[-94.728594,31.457178],[-94.733807,31.465343],[-94.755536,31.471683],[-94.764509,31.469221],[-94.777269,31.48052],[-94.792518,31.479259],[-94.803928,31.49046],[-94.822765,31.483912],[-94.840041,31.507721],[-94.851074,31.505173],[-94.861236,31.514781],[-94.864128,31.525823],[-94.883817,31.529468],[-94.884366,31.540894],[-94.894002,31.541226],[-94.893344,31.549827],[-94.900615,31.552597],[-94.889591,31.566254],[-94.891627,31.577795],[-94.910649,31.569302],[-94.919141,31.572632],[-94.924996,31.582579],[-94.919238,31.587336],[-94.928364,31.59837],[-94.92612,31.609793],[-94.941415,31.627032],[-94.941768,31.638449],[-94.954224,31.639712],[-94.948353,31.657174],[-94.951851,31.670468],[-94.957099,31.670472],[-94.950675,31.679663],[-94.965946,31.697758],[-94.960122,31.69853],[-94.962871,31.715641],[-94.954379,31.723181],[-94.972757,31.737631],[-94.967295,31.754128],[-94.932085,31.754403],[-94.926266,31.761858],[-94.938627,31.772227],[-94.949264,31.774603],[-94.951359,31.769139],[-94.95859,31.778847],[-94.97489,31.781975],[-94.978134,31.793514]]]}},{"type":"Feature","properties":{"name":"Pecos","fips":"48371","state":"TX","state_fips":"48"},"geometry":{"type":"Polygon","coordinates":[[[-102.138406,30.597521],[-102.342986,30.598759],[-102.343085,30.284116],[-102.566937,30.283269],[-102.567049,30.052808],[-103.585084,30.76647],[-103.01104,31.371306],[-102.995971,31.356904],[-102.978908,31.353003],[-102.972702,31.359044],[-102.966168,31.351288],[-102.933443,31.350026],[-102.927334,31.337771],[-102.913732,31.339005],[-102.899045,31.323891],[-102.875584,31.316579],[-102.877926,31.307024],[-102.871972,31.300293],[-102.837415,31.285032],[-102.826735,31.266881],[-102.77441,31.295324],[-102.755578,31.291435],[-102.753719,31.279054],[-102.739244,31.282596],[-102.729976,31.287703],[-102.732277,31.29833],[-102.724875,31.308418],[-102.707559,31.311333],[-102.675744,31.330015],[-102.666224,31.325136],[-102.665224,31.313921],[-102.647842,31.315527],[-102.635165,31.305273],[-102.635712,31.293917],[-102.608596,31.286082],[-102.596491,31.264012],[-102.594076,31.26735],[-102.587771,31.260238],[-102.580455,31.263054],[-102.578943,31.271745],[-102.57549,31.267751],[-102.567042,31.272675],[-102.533161,31.260727],[-102.520768,31.262807],[-102.502369,31.253177],[-102.490611,31.235101],[-102.485728,31.238263],[-102.465771,31.22667],[-102.469258,31.219703],[-102.456093,31.223697],[-102.450595,31.213329],[-102.44209,31.212704],[-102.425083,31.178263],[-102.430486,31.174703],[-102.422757,31.148947],[-102.430033,31.146187],[-102.425294,31.136973],[-102.430276,31.129268],[-102.413601,31.108916],[-102.406153,31.08787],[-102.371216,31.085308],[-102.347698,31.073994],[-102.349381,31.070088],[-102.329887,31.068344],[-102.318569,31.060993],[-102.317162,31.052369],[-102.303801,31.051878],[-102.29939,31.041797],[-102.284785,31.033815],[-102.24694,31.042262],[-102.202032,31.031026],[-102.189993,31.003371],[-102.180886,31.016701],[-102.174079,31.006969],[-102.15193,31.007302],[-102.139397,30.994925],[-102.126348,31.001186],[-102.1099,30.990321],[-102.09716,30.9956],[-102.079144,30.986933],[-102.049179,31.00364],[-102.027877,30.99816],[-102.011667,30.979338],[-101.993147,30.989326],[-101.984099,30.987335],[-101.961123,30.970709],[-101.952281,30.955879],[-101.93618,30.957762],[-101.937428,30.950295],[-101.921472,30.946795],[-101.918628,30.93463],[-101.878976,30.921727],[-101.874264,30.91183],[-101.891095,30.890162],[-101.860262,30.873872],[-101.849901,30.856866],[-101.847295,30.82867],[-101.831469,30.80173],[-101.839894,30.785281],[-101.834952,30.780288],[-101.838761,30.763328],[-101.815828,30.752015],[-101.807952,30.725266],[-101.810051,30.702388],[-101.779818,30.685993],[-101.768377,30.652938],[-102.137778,30.655982],[-102.138406,30.597521]]]}},{"type":"Feature","properties":{"name":"Motley","fips":"48345","state":"TX","state_fips":"48"},"geometry":{"type":"Polygon","coordinates":[[[-101.041158,33.833625],[-101.041484,34.312444],[-100.51734,34.314102],[-100.518691,33.83565],[-101.041158,33.833625]]]}},{"type":"Feature","properties":{"name":"Wichita","fips":"48485","state":"TX","state_fips":"48"},"geometry":{"type":"Polygon","coordinates":[[[-98.423003,33.836056],[-98.953202,33.834025],[-98.952395,34.212497],[-98.918333,34.181831],[-98.872922,34.166584],[-98.874872,34.155657],[-98.866738,34.149246],[-98.860125,34.149913],[-98.855585,34.161621],[-98.812954,34.158444],[-98.796203,34.142775],[-98.788405,34.146668],[-98.749291,34.124238],[-98.734287,34.135758],[-98.690072,34.133155],[-98.648073,34.164441],[-98.616733,34.156418],[-98.599789,34.160571],[-98.560191,34.133202],[-98.55088,34.132583],[-98.560977,34.123922],[-98.486999,34.06288],[-98.471465,34.065665],[-98.465133,34.073729],[-98.449034,34.073462],[-98.440092,34.084311],[-98.423533,34.082843],[-98.423003,33.836056]]]}},{"type":"Feature","properties":{"name":"Nolan","fips":"48353","state":"TX","state_fips":"48"},"geometry":{"type":"Polygon","coordinates":[[[-100.660626,32.525312],[-100.146543,32.522793],[-100.151911,32.082638],[-100.665353,32.085407],[-100.660626,32.525312]]]}},{"type":"Feature","properties":{"name":"Brazos","fips":"48041","state":"TX","state_fips":"48"},"geometry":{"type":"Polygon","coordinates":[[[-96.45612,30.747206],[-96.422893,30.793509],[-96.387408,30.864012],[-96.347601,30.912929],[-96.24102,30.973737],[-96.231729,30.954802],[-96.207477,30.947081],[-96.198201,30.931979],[-96.203047,30.932907],[-96.212737,30.905258],[-96.203437,30.90123],[-96.200196,30.88549],[-96.192996,30.881234],[-96.195713,30.871005],[-96.174068,30.85291],[-96.174639,30.827168],[-96.168299,30.82323],[-96.175669,30.809648],[-96.170902,30.806584],[-96.183641,30.795136],[-96.162644,30.769509],[-96.170555,30.750226],[-96.160224,30.735165],[-96.177946,30.709513],[-96.169786,30.688212],[-96.169297,30.663656],[-96.164391,30.662275],[-96.169508,30.650318],[-96.165556,30.643085],[-96.188305,30.599335],[-96.182475,30.595072],[-96.18462,30.587948],[-96.159764,30.567302],[-96.161231,30.533919],[-96.148421,30.528715],[-96.152643,30.520855],[-96.132504,30.491905],[-96.141089,30.4753],[-96.136151,30.466286],[-96.129483,30.466248],[-96.130018,30.452555],[-96.123073,30.455139],[-96.126509,30.449508],[-96.120202,30.441805],[-96.10534,30.444408],[-96.105196,30.437023],[-96.092821,30.440101],[-96.086791,30.42989],[-96.080009,30.430435],[-96.087926,30.417293],[-96.105601,30.422125],[-96.112194,30.415668],[-96.107914,30.406987],[-96.112343,30.394433],[-96.118262,30.39932],[-96.121478,30.383999],[-96.12941,30.388324],[-96.147255,30.38284],[-96.141639,30.355356],[-96.149693,30.349892],[-96.140259,30.339654],[-96.15463,30.330288],[-96.160474,30.340121],[-96.15263,30.350311],[-96.155537,30.362665],[-96.150762,30.370674],[-96.159141,30.378643],[-96.175545,30.375012],[-96.174461,30.390878],[-96.1945,30.39989],[-96.199544,30.38291],[-96.209763,30.374036],[-96.220896,30.376384],[-96.25175,30.365384],[-96.262915,30.370021],[-96.269732,30.358458],[-96.285753,30.364689],[-96.299766,30.377981],[-96.294939,30.385623],[-96.306931,30.394586],[-96.297599,30.400421],[-96.29749,30.411787],[-96.272323,30.410202],[-96.272512,30.417801],[-96.281109,30.414831],[-96.287988,30.421287],[-96.282564,30.426614],[-96.2844,30.447631],[-96.292865,30.444276],[-96.310458,30.455573],[-96.320946,30.449567],[-96.322466,30.45875],[-96.339605,30.472108],[-96.329883,30.477352],[-96.341809,30.497244],[-96.35365,30.502683],[-96.35586,30.513783],[-96.371327,30.514102],[-96.355307,30.521998],[-96.35941,30.542604],[-96.376288,30.546869],[-96.376618,30.535854],[-96.385424,30.544085],[-96.382877,30.535409],[-96.387454,30.532463],[-96.413491,30.539749],[-96.423654,30.560164],[-96.420558,30.584976],[-96.43039,30.590863],[-96.427168,30.575589],[-96.436798,30.57379],[-96.451499,30.596765],[-96.470169,30.607121],[-96.4879,30.605103],[-96.489228,30.621771],[-96.499935,30.612829],[-96.50769,30.616326],[-96.510494,30.627828],[-96.566632,30.629387],[-96.570253,30.636683],[-96.601507,30.640138],[-96.583688,30.660469],[-96.581088,30.689265],[-96.572064,30.688849],[-96.45612,30.747206]]]}},{"type":"Feature","properties":{"name":"Menard","fips":"48327","state":"TX","state_fips":"48"},"geometry":{"type":"Polygon","coordinates":[[[-99.483869,30.710771],[-100.116234,30.710366],[-100.115216,31.087994],[-99.603223,31.087296],[-99.603627,30.940726],[-99.484755,30.940605],[-99.483869,30.710771]]]}},{"type":"Feature","properties":{"name":"Hale","fips":"48189","state":"TX","state_fips":"48"},"geometry":{"type":"Polygon","coordinates":[[[-102.090415,34.313132],[-101.564856,34.312493],[-101.56358,33.830451],[-102.085733,33.824675],[-102.090415,34.313132]]]}},{"type":"Feature","properties":{"name":"Armstrong","fips":"48011","state":"TX","state_fips":"48"},"geometry":{"type":"Polygon","coordinates":[[[-101.629257,34.747649],[-101.622941,35.183117],[-101.086281,35.18214],[-101.090749,34.748246],[-101.629257,34.747649]]]}},{"type":"Feature","properties":{"name":"Val Verde","fips":"48465","state":"TX","state_fips":"48"},"geometry":{"type":"Polygon","coordinates":[[[-101.760923,29.782035],[-101.7584,30.288044],[-100.700393,30.288276],[-100.699141,29.419747],[-100.706913,29.397311],[-100.711988,29.33801],[-100.746536,29.325772],[-100.74836,29.302946],[-100.738009,29.282336],[-100.745214,29.255104],[-100.762325,29.251302],[-100.758458,29.237969],[-100.778926,29.246626],[-100.794627,29.241612],[-100.816277,29.253864],[-100.815062,29.263926],[-100.83404,29.2614],[-100.855841,29.275546],[-100.876049,29.279585],[-100.886842,29.307848],[-100.940616,29.333109],[-100.948974,29.347246],[-100.964326,29.347342],[-101.009976,29.368267],[-101.019258,29.390907],[-101.036604,29.406108],[-101.043364,29.42988],[-101.056957,29.440773],[-101.060151,29.458661],[-101.087149,29.469414],[-101.115254,29.468459],[-101.130038,29.47842],[-101.146798,29.474187],[-101.171664,29.503951],[-101.173824,29.514568],[-101.235273,29.524854],[-101.254895,29.520341],[-101.261176,29.536776],[-101.24103,29.565028],[-101.252297,29.604167],[-101.250383,29.624171],[-101.269102,29.630128],[-101.280494,29.615181],[-101.277878,29.59081],[-101.290962,29.571537],[-101.305533,29.577925],[-101.313373,29.602259],[-101.300027,29.640702],[-101.302516,29.650425],[-101.314135,29.659054],[-101.346017,29.662241],[-101.361312,29.650063],[-101.372696,29.678057],[-101.372773,29.699428],[-101.396948,29.713947],[-101.397009,29.733963],[-101.415584,29.746534],[-101.398983,29.762175],[-101.402319,29.77119],[-101.438146,29.75092],[-101.448881,29.750699],[-101.452806,29.783791],[-101.460906,29.789663],[-101.478864,29.784085],[-101.503223,29.764582],[-101.535998,29.75895],[-101.53501,29.797679],[-101.544769,29.811868],[-101.567749,29.798727],[-101.575807,29.769319],[-101.603681,29.774399],[-101.6269,29.770762],[-101.644567,29.754233],[-101.661724,29.770857],[-101.677804,29.760292],[-101.689634,29.771035],[-101.708873,29.761642],[-101.71973,29.775738],[-101.733352,29.77118],[-101.760923,29.782035]]]}},{"type":"Feature","properties":{"name":"Refugio","fips":"48391","state":"TX","state_fips":"48"},"geometry":{"type":"Polygon","coordinates":[[[-97.125331,28.116256],[-97.239364,28.061396],[-97.260818,28.075759],[-97.26317,28.08836],[-97.283702,28.090935],[-97.290286,28.114796],[-97.30134,28.103829],[-97.316886,28.110067],[-97.308926,28.119447],[-97.317803,28.137495],[-97.327396,28.133576],[-97.317664,28.131872],[-97.325274,28.119519],[-97.330681,28.119898],[-97.325314,28.126584],[-97.341518,28.132171],[-97.345717,28.118375],[-97.378958,28.138903],[-97.384833,28.123951],[-97.403842,28.130129],[-97.405447,28.123483],[-97.396197,28.118553],[-97.400919,28.119506],[-97.404375,28.109013],[-97.405598,28.119433],[-97.426733,28.117259],[-97.427998,28.128111],[-97.435181,28.129417],[-97.423419,28.135096],[-97.422674,28.142891],[-97.446301,28.132749],[-97.442473,28.154204],[-97.450243,28.147767],[-97.456322,28.160557],[-97.473006,28.15596],[-97.474137,28.178758],[-97.482384,28.168616],[-97.521211,28.151341],[-97.527415,28.160568],[-97.541071,28.164669],[-97.375268,28.389116],[-97.160751,28.553475],[-97.155654,28.547857],[-97.148783,28.553278],[-97.147817,28.54637],[-97.139462,28.554166],[-97.123372,28.545252],[-97.104252,28.554743],[-97.094925,28.538431],[-97.082084,28.532223],[-97.077339,28.534142],[-97.079671,28.545473],[-97.077425,28.540277],[-97.072124,28.547133],[-97.062239,28.540774],[-97.062847,28.547336],[-97.045049,28.550065],[-97.051467,28.535124],[-97.041268,28.531536],[-97.031769,28.541483],[-97.024812,28.539072],[-97.022296,28.516761],[-97.019738,28.520261],[-97.004635,28.508909],[-96.994862,28.509146],[-96.985914,28.499955],[-96.953155,28.503793],[-96.9155,28.485712],[-96.909904,28.490081],[-96.915844,28.498915],[-96.902831,28.509018],[-96.883034,28.5055],[-96.87918,28.496097],[-96.864075,28.489339],[-96.861322,28.476012],[-96.848653,28.476396],[-96.814396,28.430483],[-96.785726,28.44742],[-96.764138,28.426577],[-96.772184,28.421916],[-96.764257,28.412641],[-96.778634,28.404259],[-96.795001,28.364682],[-96.790512,28.319238],[-97.123799,28.272459],[-97.117523,28.259359],[-97.125486,28.25344],[-97.097964,28.23224],[-97.102162,28.22649],[-97.075032,28.219444],[-97.054698,28.203809],[-97.0432,28.209],[-97.037422,28.201296],[-97.017539,28.202876],[-97.023586,28.187657],[-97.125331,28.116256]]]}},{"type":"Feature","properties":{"name":"Terry","fips":"48445","state":"TX","state_fips":"48"},"geometry":{"type":"Polygon","coordinates":[[[-102.594836,33.388489],[-102.075929,33.389586],[-102.076214,32.959702],[-102.595023,32.958831],[-102.594836,33.388489]]]}},{"type":"Feature","properties":{"name":"Foard","fips":"48155","state":"TX","state_fips":"48"},"geometry":{"type":"Polygon","coordinates":[[[-100.04848,33.835974],[-100.047028,34.22978],[-100.042809,34.227969],[-100.037319,34.238778],[-100.008993,34.241542],[-100.005915,34.22553],[-99.770528,34.092805],[-99.744595,34.101319],[-99.734154,34.093536],[-99.70541,34.098676],[-99.702711,34.093201],[-99.67939,34.093912],[-99.67471,34.088414],[-99.65301,34.098971],[-99.628701,34.092136],[-99.624297,34.096624],[-99.617433,34.083112],[-99.584808,34.079481],[-99.572032,34.0626],[-99.553095,34.061181],[-99.549435,34.055774],[-99.532145,34.074899],[-99.506432,34.077295],[-99.489831,34.065682],[-99.475294,34.085618],[-99.474498,33.733849],[-99.47616,33.752898],[-99.484262,33.750358],[-99.493801,33.768198],[-99.500616,33.763628],[-99.50604,33.771968],[-99.519773,33.76819],[-99.524937,33.783806],[-99.545785,33.780619],[-99.543775,33.795189],[-99.555895,33.798556],[-99.563545,33.789839],[-99.574211,33.793383],[-99.57758,33.802698],[-99.582085,33.784408],[-99.599037,33.787422],[-99.597949,33.796866],[-99.634461,33.802671],[-99.636081,33.817244],[-99.652534,33.818317],[-99.663898,33.808071],[-99.685332,33.8273],[-99.697071,33.826019],[-99.699505,33.800388],[-99.711862,33.797852],[-99.708365,33.810435],[-99.722299,33.814363],[-99.725507,33.797422],[-99.739626,33.81167],[-99.747257,33.80293],[-99.758374,33.803465],[-99.751551,33.809498],[-99.758239,33.823931],[-99.770938,33.817264],[-99.79565,33.82408],[-99.78969,33.819606],[-99.794851,33.816567],[-99.810356,33.827493],[-99.83262,33.817397],[-99.835143,33.8358],[-100.04848,33.835974]]]}},{"type":"Feature","properties":{"name":"Real","fips":"48385","state":"TX","state_fips":"48"},"geometry":{"type":"Polygon","coordinates":[[[-100.063649,29.711089],[-100.030145,29.721117],[-100.024761,29.728113],[-100.029548,29.737086],[-100.021874,29.745468],[-100.036419,29.777126],[-100.02869,29.789385],[-100.0134,29.795921],[-100.034827,29.844065],[-100.022165,29.854074],[-100.023533,29.882958],[-100.002302,29.896828],[-99.989672,30.025747],[-99.973046,30.024591],[-99.967626,30.082356],[-99.917482,30.078597],[-99.918029,30.073637],[-99.689879,30.073948],[-99.691215,29.908582],[-99.602776,29.907679],[-99.60313,29.627181],[-100.014188,29.623495],[-100.008436,29.63706],[-100.030438,29.66397],[-100.017357,29.677557],[-100.044745,29.693802],[-100.046268,29.706487],[-100.063649,29.711089]]]}},{"type":"Feature","properties":{"name":"Carson","fips":"48065","state":"TX","state_fips":"48"},"geometry":{"type":"Polygon","coordinates":[[[-101.622941,35.183117],[-101.622831,35.624057],[-101.086068,35.625267],[-101.086281,35.18214],[-101.622941,35.183117]]]}},{"type":"Feature","properties":{"name":"Frio","fips":"48163","state":"TX","state_fips":"48"},"geometry":{"type":"Polygon","coordinates":[[[-98.8049,29.090434],[-98.800841,28.647487],[-99.409021,28.640566],[-99.41388,29.091335],[-98.8049,29.090434]]]}},{"type":"Feature","properties":{"name":"Dallas","fips":"48113","state":"TX","state_fips":"48"},"geometry":{"type":"Polygon","coordinates":[[[-97.038685,32.548666],[-97.031007,32.989691],[-96.517011,32.982862],[-96.523118,32.545214],[-97.038685,32.548666]]]}},{"type":"Feature","properties":{"name":"Gonzales","fips":"48177","state":"TX","state_fips":"48"},"geometry":{"type":"Polygon","coordinates":[[[-97.240108,29.384488],[-97.613132,29.109765],[-97.858782,29.35289],[-97.633176,29.649863],[-97.629429,29.639783],[-97.61701,29.644903],[-97.618092,29.633455],[-97.60585,29.635093],[-97.60393,29.641828],[-97.597743,29.630718],[-97.317893,29.784658],[-97.130517,29.643296],[-97.204087,29.580613],[-97.202331,29.507527],[-97.240108,29.384488]]]}},{"type":"Feature","properties":{"name":"Bell","fips":"48027","state":"TX","state_fips":"48"},"geometry":{"type":"Polygon","coordinates":[[[-97.913847,31.065882],[-97.418606,31.320202],[-97.343426,31.244215],[-97.277782,31.279513],[-97.070057,30.986031],[-97.258959,30.889579],[-97.315485,30.752363],[-97.624051,30.870004],[-97.8281,30.904414],[-97.911684,31.034919],[-97.913847,31.065882]]]}},{"type":"Feature","properties":{"name":"Bandera","fips":"48019","state":"TX","state_fips":"48"},"geometry":{"type":"Polygon","coordinates":[[[-99.60313,29.627181],[-99.602776,29.907679],[-99.278898,29.904199],[-99.174858,29.894414],[-98.778782,29.720167],[-98.927161,29.56225],[-98.962501,29.559879],[-98.973353,29.551695],[-98.985944,29.567048],[-98.978871,29.57761],[-98.986713,29.586931],[-98.975697,29.609778],[-98.983787,29.62345],[-99.60313,29.627181]]]}},{"type":"Feature","properties":{"name":"Hunt","fips":"48231","state":"TX","state_fips":"48"},"geometry":{"type":"Polygon","coordinates":[[[-95.858723,33.40953],[-95.862521,32.979571],[-95.9453,32.979877],[-95.972827,32.898176],[-95.987358,32.876131],[-95.956424,32.844941],[-95.944074,32.845188],[-95.934433,32.837217],[-96.297322,32.841723],[-96.295413,33.351936],[-95.858723,33.40953]]]}},{"type":"Feature","properties":{"name":"Mitchell","fips":"48335","state":"TX","state_fips":"48"},"geometry":{"type":"Polygon","coordinates":[[[-101.174562,32.527703],[-100.660626,32.525312],[-100.665353,32.085407],[-101.183997,32.087208],[-101.174562,32.527703]]]}},{"type":"Feature","properties":{"name":"Wood","fips":"48499","state":"TX","state_fips":"48"},"geometry":{"type":"Polygon","coordinates":[[[-95.149962,33.005998],[-95.15341,32.570115],[-95.165305,32.544359],[-95.17544,32.555477],[-95.181241,32.541801],[-95.189809,32.542122],[-95.206779,32.558992],[-95.204964,32.572369],[-95.218964,32.563125],[-95.238235,32.560611],[-95.250314,32.577727],[-95.278141,32.571576],[-95.297729,32.591565],[-95.319014,32.595557],[-95.331217,32.605672],[-95.344179,32.603761],[-95.34595,32.609291],[-95.374691,32.603037],[-95.375217,32.597409],[-95.399419,32.606395],[-95.428354,32.610256],[-95.43198,32.605902],[-95.446747,32.613733],[-95.442764,32.607718],[-95.4748,32.606141],[-95.475844,32.611342],[-95.514808,32.622919],[-95.511683,32.632807],[-95.524276,32.643665],[-95.542096,32.646894],[-95.54223,32.654953],[-95.564924,32.664771],[-95.567197,32.673468],[-95.58171,32.673636],[-95.584386,32.681935],[-95.592343,32.682525],[-95.593288,32.693362],[-95.604027,32.696294],[-95.604791,32.704743],[-95.625558,32.708337],[-95.634618,32.716923],[-95.665389,32.960434],[-95.172947,32.961829],[-95.174057,32.968986],[-95.162201,32.980877],[-95.162296,32.9942],[-95.152138,33.002735],[-95.152206,33.01345],[-95.149962,33.005998]]]}},{"type":"Feature","properties":{"name":"Marion","fips":"48315","state":"TX","state_fips":"48"},"geometry":{"type":"Polygon","coordinates":[[[-94.706318,32.861379],[-94.705878,32.879177],[-94.043078,32.881089],[-94.043147,32.69303],[-94.090669,32.689232],[-94.09936,32.705572],[-94.109945,32.703075],[-94.117976,32.70933],[-94.11095,32.715367],[-94.095769,32.712193],[-94.087789,32.722027],[-94.102411,32.724875],[-94.091501,32.729301],[-94.092738,32.734269],[-94.142218,32.74155],[-94.149636,32.726167],[-94.161631,32.721448],[-94.173328,32.695305],[-94.221257,32.702734],[-94.235722,32.715526],[-94.225175,32.727588],[-94.233059,32.732186],[-94.233823,32.742599],[-94.244397,32.750876],[-94.247154,32.743344],[-94.256091,32.751792],[-94.259789,32.745267],[-94.28206,32.748647],[-94.286242,32.730098],[-94.296085,32.723618],[-94.316256,32.730381],[-94.329181,32.715739],[-94.339228,32.716545],[-94.363703,32.700624],[-94.372503,32.704155],[-94.383855,32.69334],[-94.507323,32.693738],[-94.702026,32.792931],[-94.702138,32.820515],[-94.672351,32.834756],[-94.697657,32.843082],[-94.698329,32.860162],[-94.706318,32.861379]]]}},{"type":"Feature","properties":{"name":"Liberty","fips":"48291","state":"TX","state_fips":"48"},"geometry":{"type":"Polygon","coordinates":[[[-94.732732,30.490066],[-94.596338,30.112101],[-94.44491,30.113015],[-94.442235,29.889538],[-94.98146,29.884276],[-94.998745,29.919925],[-94.987696,29.952835],[-94.980922,29.955868],[-94.982152,29.964968],[-94.999847,29.991487],[-95.021908,29.996909],[-95.031179,29.993324],[-95.165897,30.344976],[-94.842621,30.487458],[-94.849414,30.493553],[-94.732732,30.490066]]]}},{"type":"Feature","properties":{"name":"Upton","fips":"48461","state":"TX","state_fips":"48"},"geometry":{"type":"Polygon","coordinates":[[[-102.301212,31.086212],[-102.31805,31.651327],[-101.775802,31.651319],[-101.776191,31.079784],[-102.301212,31.086212]]]}},{"type":"Feature","properties":{"name":"Brewster","fips":"48043","state":"TX","state_fips":"48"},"geometry":{"type":"Polygon","coordinates":[[[-102.819528,29.45072],[-102.831045,29.444254],[-102.826925,29.4177],[-102.833366,29.409674],[-102.812381,29.400525],[-102.825612,29.396946],[-102.834023,29.379056],[-102.845018,29.374441],[-102.839375,29.358922],[-102.881469,29.351834],[-102.88445,29.320678],[-102.893041,29.308907],[-102.888543,29.292028],[-102.903187,29.27864],[-102.899263,29.269485],[-102.906382,29.262055],[-102.904208,29.255471],[-102.871749,29.241776],[-102.867474,29.223883],[-102.895101,29.208521],[-102.912324,29.219418],[-102.917823,29.190887],[-102.943378,29.19141],[-102.950886,29.17362],[-102.975527,29.186298],[-102.995618,29.179291],[-102.996268,29.16022],[-103.015651,29.133995],[-103.012093,29.126187],[-103.037014,29.112901],[-103.033879,29.100972],[-103.045427,29.095427],[-103.054249,29.100798],[-103.064179,29.091476],[-103.075824,29.091537],[-103.080183,29.087437],[-103.077019,29.076017],[-103.087425,29.067108],[-103.0859,29.053736],[-103.09239,29.064704],[-103.100626,29.060323],[-103.106506,29.038179],[-103.097848,29.027036],[-103.117191,29.000484],[-103.114247,28.986642],[-103.135989,28.983371],[-103.153896,28.971606],[-103.202412,28.987195],[-103.219848,28.983318],[-103.227888,28.991857],[-103.237635,28.981862],[-103.250416,28.98043],[-103.266565,28.996051],[-103.279338,28.977002],[-103.286986,28.978172],[-103.281553,28.987696],[-103.286941,29.001273],[-103.301662,29.008426],[-103.308664,29.003426],[-103.316162,29.010689],[-103.307657,29.024537],[-103.314341,29.026064],[-103.326359,29.016315],[-103.338751,29.020277],[-103.34201,29.028436],[-103.327248,29.032721],[-103.330613,29.043219],[-103.344334,29.04595],[-103.359603,29.018644],[-103.386505,29.021648],[-103.388644,29.033974],[-103.40105,29.031056],[-103.405079,29.039577],[-103.432095,29.043356],[-103.428894,29.049455],[-103.449667,29.065092],[-103.44993,29.072714],[-103.47135,29.066727],[-103.469936,29.085317],[-103.498762,29.108539],[-103.500377,29.116196],[-103.523855,29.121247],[-103.524835,29.137123],[-103.539806,29.146224],[-103.550211,29.143639],[-103.553692,29.157996],[-103.592241,29.150069],[-103.612231,29.165369],[-103.650586,29.15648],[-103.659619,29.170569],[-103.698164,29.177473],[-103.705162,29.184968],[-103.718561,29.180826],[-103.742545,29.20901],[-103.742246,29.221694],[-103.757365,29.220668],[-103.759067,29.233281],[-103.769706,29.220224],[-103.776834,29.220132],[-103.781681,29.241278],[-103.775072,29.247954],[-103.783626,29.265324],[-103.792703,29.262499],[-103.80068,30.412527],[-103.439976,30.665939],[-102.320819,29.878933],[-102.323463,29.863917],[-102.340921,29.869373],[-102.364557,29.845335],[-102.362929,29.831489],[-102.3772,29.789889],[-102.390044,29.781921],[-102.387227,29.761392],[-102.394807,29.769163],[-102.408976,29.764531],[-102.433666,29.776853],[-102.457692,29.774585],[-102.465453,29.78339],[-102.480665,29.776069],[-102.487252,29.786585],[-102.497987,29.781448],[-102.517616,29.78358],[-102.510727,29.773882],[-102.513503,29.765439],[-102.547978,29.744644],[-102.56919,29.771455],[-102.573796,29.754896],[-102.612426,29.748272],[-102.63041,29.734181],[-102.659452,29.735444],[-102.668713,29.746108],[-102.675018,29.743969],[-102.691086,29.722149],[-102.689035,29.705038],[-102.698551,29.695545],[-102.693644,29.676685],[-102.741949,29.633193],[-102.740543,29.597499],[-102.746331,29.592648],[-102.760323,29.598603],[-102.768302,29.595209],[-102.762263,29.579751],[-102.766201,29.572206],[-102.773866,29.573124],[-102.777766,29.56098],[-102.771228,29.548397],[-102.791452,29.542824],[-102.792007,29.533004],[-102.80832,29.52293],[-102.807268,29.494295],[-102.800673,29.486235],[-102.814251,29.482398],[-102.813997,29.471401],[-102.825637,29.457945],[-102.819528,29.45072]]]}},{"type":"Feature","properties":{"name":"Titus","fips":"48449","state":"TX","state_fips":"48"},"geometry":{"type":"Polygon","coordinates":[[[-95.125451,33.389454],[-95.119604,33.385859],[-95.093348,33.397571],[-95.076392,33.38617],[-95.058605,33.392217],[-95.059097,33.38613],[-95.05203,33.389046],[-95.046723,33.381977],[-95.020899,33.380829],[-95.017127,33.390949],[-95.004729,33.395363],[-94.999756,33.39419],[-95.002767,33.390188],[-94.982978,33.392206],[-94.979317,33.387099],[-94.961546,33.389785],[-94.955243,33.396616],[-94.952483,33.390405],[-94.908286,33.383716],[-94.889304,33.39848],[-94.876175,33.394444],[-94.857586,33.3767],[-94.857616,33.381509],[-94.849182,33.383848],[-94.846286,33.378833],[-94.839245,33.385179],[-94.835449,33.378928],[-94.833867,33.383875],[-94.812221,33.375115],[-94.819828,32.982886],[-94.85813,33.001976],[-94.862738,33.006068],[-94.859343,33.013574],[-94.888112,33.023145],[-94.901977,33.041789],[-94.917887,33.046194],[-94.923941,33.067538],[-94.93906,33.074503],[-95.040269,33.072294],[-95.057705,33.055208],[-95.078394,33.052076],[-95.09841,33.034978],[-95.113617,33.030509],[-95.12613,33.034581],[-95.125451,33.389454]]]}},{"type":"Feature","properties":{"name":"Parker","fips":"48367","state":"TX","state_fips":"48"},"geometry":{"type":"Polygon","coordinates":[[[-98.066836,32.558822],[-98.056094,33.003332],[-97.544172,32.994651],[-97.550582,32.555391],[-98.066836,32.558822]]]}},{"type":"Feature","properties":{"name":"Kinney","fips":"48271","state":"TX","state_fips":"48"},"geometry":{"type":"Polygon","coordinates":[[[-100.797046,29.235586],[-100.785649,29.246308],[-100.757822,29.238325],[-100.762325,29.251302],[-100.745214,29.255104],[-100.738009,29.282336],[-100.74836,29.302946],[-100.746536,29.325772],[-100.711988,29.33801],[-100.706913,29.397311],[-100.699141,29.419747],[-100.699932,29.623897],[-100.112098,29.623263],[-100.111406,29.086318],[-100.667548,29.084292],[-100.683927,29.110239],[-100.727462,29.129123],[-100.737795,29.139079],[-100.739681,29.150486],[-100.772604,29.168369],[-100.775905,29.173344],[-100.766004,29.185847],[-100.767059,29.195287],[-100.776254,29.200929],[-100.774627,29.210634],[-100.783779,29.225997],[-100.795681,29.22773],[-100.797046,29.235586]]]}},{"type":"Feature","properties":{"name":"Montague","fips":"48337","state":"TX","state_fips":"48"},"geometry":{"type":"Polygon","coordinates":[[[-97.587441,33.902479],[-97.551541,33.897947],[-97.500929,33.919538],[-97.484163,33.91551],[-97.487065,33.433681],[-97.978967,33.433748],[-97.97786,33.889825],[-97.958409,33.879072],[-97.934169,33.878109],[-97.875311,33.849721],[-97.83432,33.857634],[-97.820743,33.868895],[-97.817643,33.880992],[-97.805423,33.877167],[-97.79891,33.898537],[-97.785317,33.890701],[-97.780839,33.894447],[-97.783522,33.918302],[-97.76377,33.914241],[-97.759399,33.91882],[-97.762768,33.934396],[-97.732261,33.936519],[-97.712194,33.951641],[-97.69311,33.983699],[-97.671277,33.991553],[-97.633778,33.981257],[-97.589597,33.953554],[-97.596592,33.914708],[-97.587441,33.902479]]]}},{"type":"Feature","properties":{"name":"Brown","fips":"48049","state":"TX","state_fips":"48"},"geometry":{"type":"Polygon","coordinates":[[[-99.202768,31.467234],[-99.195871,32.079235],[-98.924401,32.078018],[-98.668441,31.700514],[-98.760057,31.687896],[-98.779951,31.610735],[-98.940873,31.513216],[-99.006103,31.480274],[-99.010644,31.471246],[-99.019011,31.469599],[-99.041343,31.490559],[-99.061987,31.471103],[-99.062995,31.462722],[-99.072618,31.467078],[-99.086367,31.455789],[-99.089991,31.461221],[-99.096294,31.448206],[-99.11615,31.46824],[-99.124645,31.456421],[-99.135248,31.465736],[-99.159463,31.468198],[-99.1841,31.453733],[-99.188797,31.470539],[-99.195637,31.473549],[-99.202768,31.467234]]]}},{"type":"Feature","properties":{"name":"Haskell","fips":"48207","state":"TX","state_fips":"48"},"geometry":{"type":"Polygon","coordinates":[[[-99.988827,32.960121],[-99.99098,33.397404],[-99.472444,33.399023],[-99.471258,32.957025],[-99.988827,32.960121]]]}},{"type":"Feature","properties":{"name":"Kleberg","fips":"48273","state":"TX","state_fips":"48"},"geometry":{"type":"Polygon","coordinates":[[[-98.0598,27.635869],[-97.932377,27.635929],[-97.921109,27.622904],[-97.888504,27.620183],[-97.876681,27.608485],[-97.873836,27.58778],[-97.839877,27.564994],[-97.840678,27.558358],[-97.325216,27.560896],[-97.242122,27.582924],[-97.165097,27.5683],[-97.250264,27.392308],[-97.288337,27.277584],[-97.425724,27.277956],[-97.508863,27.266636],[-97.650497,27.283488],[-97.729082,27.265848],[-97.740046,27.278281],[-97.783785,27.283853],[-97.793932,27.280443],[-97.797626,27.271386],[-97.815616,27.271632],[-97.816347,27.254139],[-97.841069,27.243986],[-97.855397,27.252424],[-97.856333,27.243741],[-97.884827,27.235764],[-97.896745,27.242544],[-97.915042,27.237494],[-97.919393,27.243162],[-97.92238,27.237089],[-97.951701,27.233496],[-97.958981,27.213003],[-97.985748,27.209271],[-97.986076,27.260494],[-98.058078,27.260981],[-98.0598,27.635869]]]}},{"type":"Feature","properties":{"name":"Comal","fips":"48091","state":"TX","state_fips":"48"},"geometry":{"type":"Polygon","coordinates":[[[-98.646244,29.744054],[-98.2976,30.037994],[-98.030523,29.848539],[-97.999271,29.752444],[-98.089941,29.683479],[-98.310928,29.594473],[-98.312462,29.601983],[-98.325473,29.603371],[-98.345252,29.618297],[-98.340528,29.629599],[-98.347706,29.644759],[-98.34289,29.653656],[-98.363764,29.666732],[-98.378547,29.662717],[-98.384341,29.676413],[-98.376315,29.687055],[-98.380161,29.703929],[-98.34135,29.70965],[-98.338618,29.721786],[-98.352589,29.734365],[-98.375141,29.719931],[-98.374083,29.73097],[-98.398339,29.737615],[-98.407471,29.748687],[-98.420673,29.743529],[-98.416957,29.73136],[-98.429722,29.723978],[-98.427,29.717409],[-98.438344,29.715627],[-98.44582,29.735829],[-98.459366,29.731773],[-98.466283,29.738522],[-98.476991,29.733436],[-98.523141,29.745264],[-98.526478,29.740357],[-98.534015,29.752353],[-98.54677,29.753263],[-98.550489,29.760713],[-98.582515,29.741187],[-98.601133,29.750039],[-98.600652,29.741078],[-98.614084,29.737602],[-98.618053,29.743961],[-98.646244,29.744054]]]}},{"type":"Feature","properties":{"name":"Aransas","fips":"48007","state":"TX","state_fips":"48"},"geometry":{"type":"Polygon","coordinates":[[[-97.26037,28.075431],[-97.237828,28.061515],[-97.221205,28.074388],[-97.144916,28.102622],[-97.023586,28.187657],[-97.017539,28.202876],[-97.037422,28.201296],[-97.0432,28.209],[-97.054698,28.203809],[-97.075032,28.219444],[-97.102162,28.22649],[-97.097964,28.23224],[-97.125486,28.25344],[-97.117523,28.259359],[-97.123333,28.272739],[-96.790512,28.319238],[-96.830433,28.109619],[-96.853988,28.063105],[-96.815905,28.022835],[-96.875264,27.96992],[-96.959495,27.875302],[-96.984281,27.803783],[-97.065254,27.851853],[-97.057171,27.865413],[-97.095713,27.957835],[-97.132988,27.900012],[-97.26037,28.075431]]]}},{"type":"Feature","properties":{"name":"Jack","fips":"48237","state":"TX","state_fips":"48"},"geometry":{"type":"Polygon","coordinates":[[[-98.421419,33.466797],[-97.978919,33.467129],[-97.978967,33.433748],[-97.918189,33.433873],[-97.921642,33.001284],[-98.426553,33.007913],[-98.421419,33.466797]]]}},{"type":"Feature","properties":{"name":"Hemphill","fips":"48211","state":"TX","state_fips":"48"},"geometry":{"type":"Polygon","coordinates":[[[-100.540158,35.619296],[-100.540221,36.056491],[-100.000399,36.055677],[-100.000392,35.619115],[-100.540158,35.619296]]]}},{"type":"Feature","properties":{"name":"Shackelford","fips":"48417","state":"TX","state_fips":"48"},"geometry":{"type":"Polygon","coordinates":[[[-99.09605,32.514768],[-99.612026,32.514654],[-99.612001,32.956962],[-99.096016,32.957037],[-99.09605,32.514768]]]}},{"type":"Feature","properties":{"name":"San Jacinto","fips":"48407","state":"TX","state_fips":"48"},"geometry":{"type":"Polygon","coordinates":[[[-95.02606,30.577752],[-94.965729,30.576586],[-94.936201,30.557715],[-94.910452,30.561514],[-94.875209,30.546067],[-94.830429,30.541613],[-94.833374,30.530522],[-94.852581,30.524354],[-94.867393,30.510755],[-94.865509,30.495023],[-94.842621,30.487458],[-95.226361,30.319656],[-95.220614,30.337394],[-95.211163,30.338727],[-95.203813,30.352095],[-95.21636,30.354588],[-95.236631,30.379523],[-95.264564,30.384569],[-95.308395,30.40575],[-95.330829,30.435606],[-95.359156,30.504369],[-95.32748,30.859547],[-95.313903,30.873101],[-95.312898,30.897873],[-95.24628,30.904013],[-95.230693,30.886676],[-95.243097,30.866856],[-95.230989,30.841149],[-95.180993,30.818819],[-95.17404,30.807583],[-95.13194,30.783162],[-95.139534,30.774873],[-95.131558,30.757531],[-95.146034,30.742367],[-95.142234,30.729015],[-95.147073,30.71739],[-95.134899,30.693308],[-95.109861,30.694191],[-95.119528,30.677332],[-95.11069,30.671986],[-95.115005,30.661005],[-95.101696,30.658657],[-95.092682,30.662614],[-95.08999,30.671834],[-95.079278,30.669415],[-95.055002,30.680334],[-95.054542,30.671433],[-95.034227,30.674207],[-95.0402,30.663284],[-95.023623,30.660246],[-95.020833,30.654371],[-95.010278,30.656671],[-95.013183,30.648541],[-95.024745,30.648473],[-95.015874,30.627077],[-95.008831,30.627599],[-95.00715,30.60705],[-95.03114,30.598091],[-95.02901,30.591057],[-95.035863,30.587261],[-95.02606,30.577752]]]}},{"type":"Feature","properties":{"name":"Navarro","fips":"48349","state":"TX","state_fips":"48"},"geometry":{"type":"Polygon","coordinates":[[[-96.050844,32.016393],[-96.496713,31.796191],[-96.719114,31.814887],[-96.896209,32.073977],[-96.38291,32.328929],[-96.339016,32.305973],[-96.323421,32.30633],[-96.310108,32.298299],[-96.304894,32.302236],[-96.303414,32.297334],[-96.29868,32.301156],[-96.300384,32.294215],[-96.288882,32.293212],[-96.293728,32.290033],[-96.283839,32.278862],[-96.29017,32.268921],[-96.28507,32.254592],[-96.277734,32.260646],[-96.2728,32.252487],[-96.267667,32.259202],[-96.25655,32.245061],[-96.250934,32.247313],[-96.254399,32.250582],[-96.235083,32.250896],[-96.236133,32.242155],[-96.217318,32.233511],[-96.209099,32.218653],[-96.200742,32.214269],[-96.196122,32.219782],[-96.197122,32.207385],[-96.190737,32.202625],[-96.155854,32.21501],[-96.146799,32.211937],[-96.160687,32.203988],[-96.155642,32.200444],[-96.157907,32.191334],[-96.176477,32.181379],[-96.175714,32.168054],[-96.166455,32.166102],[-96.166828,32.158263],[-96.159473,32.154893],[-96.152209,32.158416],[-96.138407,32.151417],[-96.11366,32.160901],[-96.102974,32.150554],[-96.104105,32.138477],[-96.114699,32.126487],[-96.11153,32.115803],[-96.117726,32.094632],[-96.106785,32.075394],[-96.098952,32.081593],[-96.065689,32.08553],[-96.062524,32.077754],[-96.070245,32.074763],[-96.062326,32.062486],[-96.066462,32.037757],[-96.050844,32.016393]]]}},{"type":"Feature","properties":{"name":"Brooks","fips":"48047","state":"TX","state_fips":"48"},"geometry":{"type":"Polygon","coordinates":[[[-98.536646,27.265196],[-97.986076,27.260494],[-97.985494,26.780917],[-98.422616,26.783535],[-98.417883,27.055285],[-98.466542,27.054711],[-98.467284,27.142006],[-98.49291,27.142062],[-98.492943,27.235012],[-98.506168,27.238729],[-98.512437,27.251196],[-98.531082,27.254421],[-98.536646,27.265196]]]}},{"type":"Feature","properties":{"name":"Howard","fips":"48227","state":"TX","state_fips":"48"},"geometry":{"type":"Polygon","coordinates":[[[-101.174571,32.524112],[-101.183997,32.087208],[-101.695011,32.087532],[-101.68874,32.525222],[-101.174571,32.524112]]]}},{"type":"Feature","properties":{"name":"Yoakum","fips":"48501","state":"TX","state_fips":"48"},"geometry":{"type":"Polygon","coordinates":[[[-103.064696,32.959099],[-103.056485,33.388414],[-102.594836,33.388489],[-102.595023,32.958831],[-103.064696,32.959099]]]}},{"type":"Feature","properties":{"name":"Somervell","fips":"48425","state":"TX","state_fips":"48"},"geometry":{"type":"Polygon","coordinates":[[[-97.945625,32.233468],[-97.78276,32.316493],[-97.61572,32.318617],[-97.615087,32.203491],[-97.630919,32.207388],[-97.864864,32.087328],[-97.945625,32.233468]]]}},{"type":"Feature","properties":{"name":"Kenedy","fips":"48261","state":"TX","state_fips":"48"},"geometry":{"type":"Polygon","coordinates":[[[-97.985303,26.615809],[-97.985887,27.209308],[-97.958981,27.213003],[-97.951701,27.233496],[-97.92238,27.237089],[-97.919393,27.243162],[-97.915042,27.237494],[-97.896745,27.242544],[-97.884827,27.235764],[-97.856333,27.243741],[-97.855397,27.252424],[-97.841069,27.243986],[-97.816347,27.254139],[-97.815616,27.271632],[-97.797626,27.271386],[-97.785102,27.283714],[-97.740046,27.278281],[-97.729082,27.265848],[-97.650497,27.283488],[-97.508863,27.266636],[-97.425724,27.277956],[-97.288337,27.277584],[-97.309363,27.196109],[-97.319824,27.110023],[-97.323219,27.010256],[-97.31595,26.929289],[-97.282725,26.763423],[-97.251705,26.661866],[-97.225374,26.600227],[-97.861688,26.597995],[-97.985303,26.615809]]]}},{"type":"Feature","properties":{"name":"Borden","fips":"48033","state":"TX","state_fips":"48"},"geometry":{"type":"Polygon","coordinates":[[[-101.68874,32.525222],[-101.691284,32.961838],[-101.173378,32.963597],[-101.174571,32.524112],[-101.68874,32.525222]]]}},{"type":"Feature","properties":{"name":"San Saba","fips":"48411","state":"TX","state_fips":"48"},"geometry":{"type":"Polygon","coordinates":[[[-99.092431,30.921968],[-99.090622,31.460927],[-99.086367,31.455789],[-99.072618,31.467078],[-99.062995,31.462722],[-99.061987,31.471103],[-99.041529,31.490477],[-99.019011,31.469599],[-99.009805,31.47172],[-99.006103,31.480274],[-98.98784,31.482478],[-98.99495,31.466358],[-98.965018,31.453298],[-98.966046,31.435143],[-98.952985,31.447309],[-98.95378,31.454335],[-98.940985,31.458555],[-98.933188,31.436928],[-98.925192,31.433988],[-98.895557,31.433614],[-98.885453,31.442914],[-98.871017,31.443701],[-98.858827,31.434276],[-98.854744,31.4138],[-98.84677,31.410557],[-98.816021,31.417075],[-98.813317,31.404711],[-98.776638,31.413865],[-98.777894,31.377127],[-98.771696,31.380794],[-98.76162,31.375953],[-98.751406,31.387605],[-98.755672,31.400444],[-98.738765,31.411365],[-98.742815,31.428135],[-98.726094,31.428278],[-98.725273,31.408265],[-98.695473,31.405559],[-98.692815,31.387854],[-98.704231,31.380416],[-98.703298,31.360076],[-98.712641,31.354961],[-98.702695,31.339148],[-98.682773,31.346157],[-98.653476,31.370044],[-98.654614,31.358493],[-98.636375,31.352912],[-98.646969,31.340685],[-98.639639,31.332381],[-98.648531,31.323469],[-98.647633,31.31486],[-98.629946,31.326021],[-98.618108,31.322371],[-98.630771,31.310163],[-98.606849,31.312149],[-98.594411,31.326354],[-98.587087,31.325313],[-98.598189,31.286998],[-98.613815,31.281595],[-98.622135,31.285088],[-98.628349,31.274109],[-98.595651,31.253059],[-98.592793,31.266067],[-98.578785,31.26453],[-98.562963,31.235781],[-98.56881,31.1984],[-98.53942,31.19252],[-98.53547,31.18603],[-98.542981,31.174904],[-98.519688,31.164958],[-98.5042,31.16613],[-98.51127,31.15515],[-98.527641,31.155313],[-98.52782,31.13748],[-98.547715,31.128363],[-98.527102,31.090675],[-98.51829,31.0927],[-98.49893,31.11854],[-98.488249,31.11416],[-98.480771,31.119217],[-98.470024,31.106888],[-98.455598,31.110905],[-98.470531,31.094441],[-98.45784,31.08872],[-98.456419,31.078699],[-98.472466,31.076255],[-98.48404,31.06301],[-98.47494,31.0528],[-98.44759,31.0414],[-98.43977,31.029907],[-98.442327,31.020476],[-98.459241,31.010378],[-98.441874,30.984324],[-98.452796,30.964399],[-98.445875,30.950697],[-98.416033,30.944851],[-98.41777,30.927845],[-98.445782,30.921439],[-99.092431,30.921968]]]}},{"type":"Feature","properties":{"name":"Burleson","fips":"48051","state":"TX","state_fips":"48"},"geometry":{"type":"Polygon","coordinates":[[[-96.543984,30.628017],[-96.510494,30.627828],[-96.50769,30.616326],[-96.499935,30.612829],[-96.489228,30.621771],[-96.4879,30.605103],[-96.470169,30.607121],[-96.451499,30.596765],[-96.43547,30.573187],[-96.427233,30.575456],[-96.431512,30.589169],[-96.426088,30.590752],[-96.419758,30.583336],[-96.422314,30.55286],[-96.413057,30.539535],[-96.387454,30.532463],[-96.382877,30.535409],[-96.385424,30.544085],[-96.376867,30.53587],[-96.376288,30.546869],[-96.359078,30.542281],[-96.355307,30.521998],[-96.371015,30.513285],[-96.35586,30.513783],[-96.35365,30.502683],[-96.341809,30.497244],[-96.329883,30.477352],[-96.340665,30.473717],[-96.322466,30.45875],[-96.320946,30.449567],[-96.310458,30.455573],[-96.292865,30.444276],[-96.284577,30.447951],[-96.286622,30.417891],[-96.272014,30.417043],[-96.276916,30.407031],[-96.298866,30.410502],[-96.297599,30.400421],[-96.306931,30.394586],[-96.294554,30.379731],[-96.312997,30.384257],[-96.340666,30.367841],[-96.35802,30.373125],[-96.375299,30.363338],[-96.377966,30.355624],[-96.406088,30.35107],[-96.411889,30.358245],[-96.422745,30.343372],[-96.455138,30.344534],[-96.456511,30.338603],[-96.478256,30.333164],[-96.487013,30.337883],[-96.496228,30.324279],[-96.515029,30.326083],[-96.541103,30.3178],[-96.559326,30.323763],[-96.573524,30.310699],[-96.60152,30.30853],[-96.622806,30.298258],[-96.651569,30.300622],[-96.663969,30.295605],[-96.694682,30.320191],[-96.721716,30.318566],[-96.730768,30.324292],[-96.743897,30.31995],[-96.754414,30.329225],[-96.75291,30.338164],[-96.76104,30.34089],[-96.769858,30.364743],[-96.789697,30.383236],[-96.787647,30.389058],[-96.80836,30.396258],[-96.809825,30.404439],[-96.834553,30.422818],[-96.839888,30.421129],[-96.846299,30.431453],[-96.870678,30.435503],[-96.877136,30.447803],[-96.874911,30.457708],[-96.899843,30.460277],[-96.905798,30.472205],[-96.895906,30.489202],[-96.908744,30.502003],[-96.902231,30.514197],[-96.918908,30.539239],[-96.939527,30.546609],[-96.945333,30.543255],[-96.963587,30.556405],[-96.621281,30.730819],[-96.59703,30.727361],[-96.596182,30.715305],[-96.567405,30.698257],[-96.56904,30.690558],[-96.582676,30.687177],[-96.583688,30.660469],[-96.601507,30.640138],[-96.543984,30.628017]]]}},{"type":"Feature","properties":{"name":"Jim Hogg","fips":"48247","state":"TX","state_fips":"48"},"geometry":{"type":"Polygon","coordinates":[[[-98.954669,27.269397],[-98.798087,27.268012],[-98.798323,27.354029],[-98.625027,27.357727],[-98.624929,27.338067],[-98.589478,27.338236],[-98.589537,27.358695],[-98.552617,27.359101],[-98.552448,27.343764],[-98.522293,27.343284],[-98.523284,27.26515],[-98.536646,27.265196],[-98.531082,27.254421],[-98.512437,27.251196],[-98.506168,27.238729],[-98.492943,27.235012],[-98.49291,27.142062],[-98.467284,27.142006],[-98.466542,27.054711],[-98.417883,27.055285],[-98.422616,26.783535],[-98.95423,26.785694],[-98.954669,27.269397]]]}},{"type":"Feature","properties":{"name":"Ellis","fips":"48139","state":"TX","state_fips":"48"},"geometry":{"type":"Polygon","coordinates":[[[-96.51036,32.482467],[-96.492683,32.465651],[-96.498168,32.453408],[-96.484335,32.451482],[-96.477445,32.434406],[-96.450295,32.424576],[-96.434354,32.411085],[-96.439826,32.400133],[-96.434477,32.389204],[-96.438891,32.389135],[-96.437355,32.378551],[-96.448577,32.37597],[-96.443715,32.370072],[-96.447715,32.36669],[-96.453769,32.367911],[-96.448437,32.354495],[-96.454555,32.35232],[-96.45182,32.345002],[-96.436293,32.345413],[-96.430226,32.332211],[-96.417533,32.335536],[-96.405644,32.327687],[-96.390805,32.33386],[-96.38291,32.328929],[-96.940656,32.052087],[-97.087043,32.266824],[-97.087055,32.549296],[-96.529678,32.54528],[-96.51972,32.531766],[-96.512192,32.53618],[-96.509406,32.526477],[-96.50299,32.525991],[-96.507598,32.517478],[-96.501854,32.511895],[-96.513286,32.512143],[-96.500482,32.495507],[-96.506701,32.497557],[-96.508748,32.491931],[-96.501844,32.488207],[-96.51036,32.482467]]]}},{"type":"Feature","properties":{"name":"Burnet","fips":"48053","state":"TX","state_fips":"48"},"geometry":{"type":"Polygon","coordinates":[[[-98.439711,31.029647],[-97.911689,31.035009],[-97.8281,30.904414],[-97.96286,30.785641],[-98.12342,30.486482],[-98.113723,30.485576],[-98.097778,30.498058],[-98.097709,30.467626],[-98.125481,30.426164],[-98.351041,30.486096],[-98.351983,30.558393],[-98.370311,30.574438],[-98.405358,30.566164],[-98.413699,30.585921],[-98.400181,30.598449],[-98.417595,30.627274],[-98.418137,30.645235],[-98.428932,30.661457],[-98.441878,30.667533],[-98.437576,30.673775],[-98.40332,30.676851],[-98.414319,30.703743],[-98.404152,30.721083],[-98.392654,30.721233],[-98.371472,30.741378],[-98.377777,30.747238],[-98.42663,30.751527],[-98.430214,30.76096],[-98.422531,30.775042],[-98.432514,30.787803],[-98.426453,30.795183],[-98.412552,30.794991],[-98.403336,30.817936],[-98.385666,30.82058],[-98.376877,30.83489],[-98.401384,30.843996],[-98.421593,30.834997],[-98.421475,30.863173],[-98.45079,30.871435],[-98.457382,30.878897],[-98.448593,30.890785],[-98.445782,30.921439],[-98.437406,30.926966],[-98.419606,30.925352],[-98.414734,30.940168],[-98.422986,30.947933],[-98.445875,30.950697],[-98.452796,30.964399],[-98.441874,30.984324],[-98.459241,31.010378],[-98.442327,31.020476],[-98.439711,31.029647]]]}},{"type":"Feature","properties":{"name":"Gray","fips":"48179","state":"TX","state_fips":"48"},"geometry":{"type":"Polygon","coordinates":[[[-100.538978,35.183144],[-101.086281,35.18214],[-101.085935,35.619102],[-100.540158,35.619296],[-100.538978,35.183144]]]}},{"type":"Feature","properties":{"name":"Hudspeth","fips":"48229","state":"TX","state_fips":"48"},"geometry":{"type":"Polygon","coordinates":[[[-105.998012,32.002377],[-104.918357,32.000418],[-104.907122,30.900342],[-104.907592,30.835919],[-104.916396,30.835979],[-104.917163,30.663626],[-104.979801,30.629258],[-104.98611,30.662767],[-105.001542,30.672704],[-105.006579,30.68606],[-105.027325,30.678881],[-105.040819,30.688935],[-105.047161,30.688074],[-105.045681,30.679917],[-105.061762,30.685845],[-105.062552,30.698502],[-105.068232,30.703702],[-105.080941,30.699846],[-105.087614,30.715488],[-105.105547,30.723808],[-105.110939,30.743552],[-105.120443,30.743853],[-105.118295,30.749726],[-105.143771,30.755205],[-105.16139,30.752133],[-105.156191,30.769773],[-105.167082,30.776594],[-105.176601,30.767975],[-105.195191,30.792304],[-105.216744,30.783385],[-105.220047,30.788898],[-105.209598,30.797628],[-105.215017,30.805893],[-105.25716,30.794354],[-105.291795,30.826193],[-105.300136,30.824771],[-105.306147,30.809838],[-105.309471,30.817],[-105.316473,30.810757],[-105.31889,30.828703],[-105.329276,30.82491],[-105.328011,30.831345],[-105.337138,30.833439],[-105.3392,30.840393],[-105.35188,30.835561],[-105.361592,30.850545],[-105.37192,30.847593],[-105.387461,30.853735],[-105.395889,30.849295],[-105.401668,30.854563],[-105.391327,30.873832],[-105.404269,30.879581],[-105.40028,30.889513],[-105.412177,30.888619],[-105.41369,30.899503],[-105.4414,30.908573],[-105.44636,30.919273],[-105.453186,30.916146],[-105.45157,30.924803],[-105.466757,30.924226],[-105.4709,30.933763],[-105.491667,30.942443],[-105.50204,30.967803],[-105.515798,30.96489],[-105.532586,30.984673],[-105.557854,30.990415],[-105.569241,31.016086],[-105.581232,31.026702],[-105.585085,31.057293],[-105.595711,31.064885],[-105.604385,31.083693],[-105.627102,31.098405],[-105.641829,31.098333],[-105.648745,31.115863],[-105.710625,31.137023],[-105.74231,31.164815],[-105.772555,31.166443],[-105.783145,31.198023],[-105.794357,31.202411],[-105.869406,31.289041],[-105.894505,31.290923],[-105.908024,31.312602],[-105.932865,31.313413],[-105.947797,31.339518],[-105.945565,31.352243],[-105.95352,31.364502],[-105.970455,31.366173],[-105.997152,31.38723],[-105.954328,31.423468],[-105.958548,31.423461],[-105.959262,31.478417],[-105.993255,31.478392],[-105.998012,32.002377]]]}},{"type":"Feature","properties":{"name":"Gaines","fips":"48165","state":"TX","state_fips":"48"},"geometry":{"type":"Polygon","coordinates":[[[-102.20852,32.958956],[-102.202703,32.523271],[-103.064696,32.522193],[-103.064696,32.959099],[-102.20852,32.958956]]]}},{"type":"Feature","properties":{"name":"Martin","fips":"48317","state":"TX","state_fips":"48"},"geometry":{"type":"Polygon","coordinates":[[[-101.695011,32.087532],[-102.211249,32.0868],[-102.211037,32.523244],[-101.68874,32.525222],[-101.695011,32.087532]]]}},{"type":"Feature","properties":{"name":"Bowie","fips":"48037","state":"TX","state_fips":"48"},"geometry":{"type":"Polygon","coordinates":[[[-94.23335,33.552305],[-94.207254,33.567],[-94.199449,33.555959],[-94.191866,33.556974],[-94.19513,33.574329],[-94.211717,33.573774],[-94.217315,33.580202],[-94.196692,33.581223],[-94.183774,33.594666],[-94.161817,33.588694],[-94.156983,33.575802],[-94.142028,33.581128],[-94.151448,33.568466],[-94.1449,33.56521],[-94.135144,33.571033],[-94.128738,33.55092],[-94.122533,33.553516],[-94.120669,33.566986],[-94.091852,33.575102],[-94.072499,33.572315],[-94.073821,33.584749],[-94.067579,33.569919],[-94.056922,33.567926],[-94.055615,33.561577],[-94.071927,33.559808],[-94.073418,33.554916],[-94.061767,33.549482],[-94.043313,33.551584],[-94.04297,33.271241],[-94.055624,33.285531],[-94.050848,33.287354],[-94.059363,33.294137],[-94.054449,33.293298],[-94.056739,33.298318],[-94.071418,33.300385],[-94.066703,33.29551],[-94.07331,33.292046],[-94.080848,33.299264],[-94.083274,33.292916],[-94.089104,33.297058],[-94.085442,33.297784],[-94.082619,33.304558],[-94.090752,33.305267],[-94.092903,33.298364],[-94.098869,33.306198],[-94.10038,33.297891],[-94.11007,33.309424],[-94.108696,33.302276],[-94.116097,33.304642],[-94.113731,33.294289],[-94.116815,33.300452],[-94.124612,33.29818],[-94.1195,33.292909],[-94.130474,33.292608],[-94.164377,33.312057],[-94.173625,33.301254],[-94.186427,33.305594],[-94.191615,33.297683],[-94.218517,33.296936],[-94.215756,33.284805],[-94.220486,33.287567],[-94.223293,33.27758],[-94.240215,33.274428],[-94.232739,33.269913],[-94.239422,33.25853],[-94.233196,33.25772],[-94.237652,33.256957],[-94.229519,33.247842],[-94.234986,33.245995],[-94.231743,33.240857],[-94.252546,33.243294],[-94.259313,33.237046],[-94.264355,33.245347],[-94.278326,33.24447],[-94.278208,33.249536],[-94.290898,33.248932],[-94.297685,33.255631],[-94.312033,33.248793],[-94.325624,33.256712],[-94.344186,33.252602],[-94.360901,33.264918],[-94.379658,33.255698],[-94.400587,33.265583],[-94.39731,33.270406],[-94.411294,33.27084],[-94.415739,33.284017],[-94.433353,33.282597],[-94.434291,33.287509],[-94.436513,33.281342],[-94.444228,33.281247],[-94.468442,33.294313],[-94.482279,33.284157],[-94.48523,33.287939],[-94.486661,33.280296],[-94.496671,33.284985],[-94.518332,33.281959],[-94.518254,33.274447],[-94.533336,33.266274],[-94.554494,33.269185],[-94.55853,33.26119],[-94.568972,33.264328],[-94.569816,33.253472],[-94.578406,33.247717],[-94.593043,33.255118],[-94.590455,33.259424],[-94.61864,33.246833],[-94.6497,33.259238],[-94.652448,33.275709],[-94.675134,33.286248],[-94.676496,33.294769],[-94.68686,33.292983],[-94.691826,33.312405],[-94.69578,33.307205],[-94.702792,33.315815],[-94.710455,33.308577],[-94.725921,33.307107],[-94.731653,33.317103],[-94.737708,33.316926],[-94.736373,33.323844],[-94.746925,33.328938],[-94.746096,33.703016],[-94.735117,33.691259],[-94.719531,33.688857],[-94.715943,33.694913],[-94.734343,33.715634],[-94.70156,33.702878],[-94.703496,33.697538],[-94.714432,33.697189],[-94.716188,33.687902],[-94.684796,33.684353],[-94.666885,33.694583],[-94.651402,33.685843],[-94.647902,33.700516],[-94.641776,33.700385],[-94.638783,33.695459],[-94.650373,33.684438],[-94.645337,33.673644],[-94.661806,33.675133],[-94.67076,33.6693],[-94.661829,33.660457],[-94.638679,33.663988],[-94.622043,33.682535],[-94.605823,33.664189],[-94.596019,33.663863],[-94.590027,33.67585],[-94.59303,33.684019],[-94.587474,33.68607],[-94.57962,33.677623],[-94.580784,33.666392],[-94.560339,33.666591],[-94.590478,33.645075],[-94.580047,33.6445],[-94.548111,33.66033],[-94.543033,33.649322],[-94.568386,33.637203],[-94.569975,33.62847],[-94.553372,33.627584],[-94.521837,33.640728],[-94.518529,33.63757],[-94.535425,33.624217],[-94.52774,33.615898],[-94.519838,33.618077],[-94.517468,33.633056],[-94.504525,33.620728],[-94.488363,33.627406],[-94.49167,33.636454],[-94.448735,33.642715],[-94.448501,33.634435],[-94.46275,33.630793],[-94.452895,33.617444],[-94.471246,33.601893],[-94.457456,33.600442],[-94.451111,33.591242],[-94.43065,33.591574],[-94.409586,33.568278],[-94.382596,33.583257],[-94.37892,33.570164],[-94.401459,33.560531],[-94.386786,33.545123],[-94.353541,33.543743],[-94.347341,33.551605],[-94.352489,33.562227],[-94.343713,33.567955],[-94.335511,33.564709],[-94.331503,33.553087],[-94.309543,33.551631],[-94.299827,33.574689],[-94.287425,33.582562],[-94.280744,33.575104],[-94.290272,33.567709],[-94.290832,33.559029],[-94.277324,33.557329],[-94.259984,33.580448],[-94.242518,33.589744],[-94.236929,33.580042],[-94.252013,33.559516],[-94.23335,33.552305]]]}},{"type":"Feature","properties":{"name":"Gregg","fips":"48183","state":"TX","state_fips":"48"},"geometry":{"type":"Polygon","coordinates":[[[-94.702641,32.656383],[-94.701986,32.421782],[-94.692738,32.427488],[-94.676589,32.42438],[-94.668961,32.408979],[-94.660241,32.410339],[-94.642426,32.398315],[-94.599747,32.399826],[-94.588653,32.391381],[-94.579219,32.394916],[-94.591438,32.365588],[-94.605029,32.359948],[-94.63975,32.370776],[-94.9864,32.370837],[-94.986935,32.537246],[-94.974803,32.535936],[-94.820223,32.590648],[-94.758502,32.659793],[-94.747047,32.660261],[-94.746136,32.66754],[-94.727458,32.65515],[-94.702641,32.656383]]]}},{"type":"Feature","properties":{"name":"Ward","fips":"48475","state":"TX","state_fips":"48"},"geometry":{"type":"Polygon","coordinates":[[[-103.610887,31.651802],[-102.767246,31.651714],[-102.767365,31.293803],[-102.802227,31.282983],[-102.82694,31.266914],[-102.837415,31.285032],[-102.877283,31.305214],[-102.875584,31.316579],[-102.899045,31.323891],[-102.913983,31.339118],[-102.92759,31.337859],[-102.933578,31.350081],[-102.966168,31.351288],[-102.972702,31.359044],[-102.978908,31.353003],[-102.995971,31.356904],[-103.010738,31.377477],[-103.035486,31.378158],[-103.052574,31.385619],[-103.066398,31.377566],[-103.065951,31.365769],[-103.107028,31.360991],[-103.158592,31.372326],[-103.194485,31.37192],[-103.244934,31.389368],[-103.257786,31.407304],[-103.255186,31.420339],[-103.261677,31.42757],[-103.274734,31.423677],[-103.278018,31.414516],[-103.30294,31.421223],[-103.330036,31.411933],[-103.349207,31.423541],[-103.358273,31.415101],[-103.381002,31.416889],[-103.399046,31.433941],[-103.418187,31.426051],[-103.442614,31.433724],[-103.443138,31.425915],[-103.454196,31.425674],[-103.489097,31.455963],[-103.488924,31.469012],[-103.480918,31.475154],[-103.503838,31.506311],[-103.504,31.515082],[-103.495686,31.521695],[-103.502796,31.527978],[-103.495335,31.549498],[-103.515202,31.57921],[-103.510241,31.579556],[-103.511541,31.589663],[-103.504196,31.596648],[-103.514302,31.613214],[-103.510051,31.614451],[-103.509379,31.625934],[-103.530157,31.632534],[-103.526212,31.634367],[-103.531368,31.642512],[-103.551615,31.644799],[-103.562176,31.632917],[-103.572781,31.632257],[-103.610887,31.651802]]]}},{"type":"Feature","properties":{"name":"Wilbarger","fips":"48487","state":"TX","state_fips":"48"},"geometry":{"type":"Polygon","coordinates":[[[-99.47565,33.834005],[-99.475115,34.39593],[-99.464036,34.393634],[-99.460749,34.380483],[-99.452958,34.388159],[-99.436474,34.370539],[-99.424897,34.385823],[-99.409005,34.372758],[-99.400334,34.374623],[-99.387181,34.410842],[-99.397164,34.418607],[-99.395187,34.44203],[-99.381204,34.456879],[-99.36979,34.458644],[-99.355705,34.453082],[-99.356903,34.442082],[-99.33409,34.427525],[-99.319602,34.408879],[-99.294632,34.415381],[-99.285586,34.412358],[-99.280045,34.400655],[-99.261275,34.403508],[-99.258917,34.391255],[-99.274415,34.384349],[-99.258606,34.37265],[-99.242855,34.372676],[-99.246393,34.364397],[-99.236494,34.365805],[-99.227977,34.349464],[-99.232632,34.338872],[-99.206905,34.338277],[-99.211448,34.292247],[-99.207352,34.283525],[-99.195403,34.280849],[-99.199254,34.260791],[-99.191422,34.25783],[-99.196912,34.244382],[-99.190384,34.2147],[-99.153653,34.207328],[-99.130443,34.219478],[-99.126495,34.215396],[-99.131986,34.207436],[-99.12664,34.203064],[-99.079392,34.21155],[-99.047031,34.198018],[-99.03615,34.206901],[-99.012957,34.203194],[-98.991703,34.221427],[-98.968886,34.201218],[-98.960673,34.212886],[-98.952395,34.212497],[-98.953202,33.834025],[-99.47565,33.834005]]]}},{"type":"Feature","properties":{"name":"Bee","fips":"48025","state":"TX","state_fips":"48"},"geometry":{"type":"Polygon","coordinates":[[[-98.089764,28.662979],[-97.915106,28.719648],[-97.892204,28.699208],[-97.829687,28.678007],[-97.825312,28.670341],[-97.787853,28.675788],[-97.766548,28.664746],[-97.754593,28.654165],[-97.750607,28.639235],[-97.732125,28.628833],[-97.696572,28.541537],[-97.669671,28.535473],[-97.646259,28.520851],[-97.623081,28.529588],[-97.563024,28.516408],[-97.553633,28.502231],[-97.551474,28.450479],[-97.520847,28.446414],[-97.523833,28.440345],[-97.517853,28.431972],[-97.48521,28.436391],[-97.470127,28.425007],[-97.462631,28.409688],[-97.450428,28.409213],[-97.446447,28.402857],[-97.428292,28.412875],[-97.42028,28.404083],[-97.398908,28.404909],[-97.399678,28.392306],[-97.389772,28.397078],[-97.386895,28.390278],[-97.375579,28.388684],[-97.567622,28.129683],[-97.817494,28.176705],[-97.808774,28.183415],[-98.089764,28.662979]]]}},{"type":"Feature","properties":{"name":"Calhoun","fips":"48057","state":"TX","state_fips":"48"},"geometry":{"type":"Polygon","coordinates":[[[-96.643442,28.712105],[-96.588174,28.726422],[-96.580513,28.719439],[-96.578608,28.696846],[-96.57462,28.705503],[-96.428394,28.703523],[-96.428578,28.71372],[-96.420469,28.71361],[-96.407534,28.730278],[-96.39954,28.730231],[-96.404445,28.674409],[-96.323522,28.675597],[-96.322918,28.641875],[-96.38048,28.380859],[-96.395198,28.279736],[-96.531,28.221164],[-96.618785,28.169522],[-96.730685,28.091268],[-96.815905,28.022835],[-96.853912,28.063699],[-96.830433,28.109619],[-96.790226,28.319804],[-96.795001,28.364682],[-96.778634,28.404259],[-96.764257,28.412641],[-96.772184,28.421916],[-96.764125,28.426555],[-96.785726,28.44742],[-96.814803,28.430774],[-96.848653,28.476396],[-96.861322,28.476012],[-96.864821,28.490235],[-96.87918,28.496097],[-96.880505,28.503708],[-96.898634,28.517308],[-96.905923,28.532393],[-96.895139,28.548863],[-96.901846,28.554693],[-96.898021,28.55998],[-96.930367,28.586728],[-96.853757,28.635199],[-96.722814,28.669759],[-96.665707,28.705705],[-96.659789,28.701671],[-96.643442,28.712105]]]}},{"type":"Feature","properties":{"name":"Clay","fips":"48077","state":"TX","state_fips":"48"},"geometry":{"type":"Polygon","coordinates":[[[-98.421419,33.466797],[-98.423533,34.082843],[-98.411052,34.088592],[-98.411374,34.100324],[-98.399777,34.099973],[-98.398441,34.128456],[-98.380093,34.130831],[-98.386865,34.138873],[-98.384381,34.146317],[-98.366778,34.156649],[-98.325445,34.151025],[-98.293901,34.13302],[-98.256467,34.129481],[-98.232474,34.134641],[-98.216463,34.121821],[-98.170827,34.114171],[-98.154354,34.122734],[-98.130816,34.150532],[-98.11266,34.154591],[-98.101386,34.145754],[-98.102344,34.131918],[-98.089755,34.128211],[-98.099328,34.104295],[-98.119417,34.084474],[-98.120208,34.072127],[-98.082463,34.039428],[-98.089037,34.033838],[-98.101695,34.039057],[-98.106179,34.034887],[-98.084025,34.014369],[-98.088203,34.005481],[-98.027672,33.993357],[-97.974173,34.006716],[-97.958325,33.990846],[-97.946005,33.990297],[-97.960351,33.951928],[-97.974173,33.942832],[-97.971175,33.937129],[-97.953395,33.936445],[-97.957155,33.914454],[-97.968747,33.906023],[-97.978804,33.912548],[-97.98454,33.900703],[-97.977859,33.889929],[-97.978919,33.467129],[-98.421419,33.466797]]]}},{"type":"Feature","properties":{"name":"Karnes","fips":"48255","state":"TX","state_fips":"48"},"geometry":{"type":"Polygon","coordinates":[[[-97.574639,28.8133],[-97.77853,28.668027],[-97.791889,28.67695],[-97.825312,28.670341],[-97.829687,28.678007],[-97.892204,28.699208],[-97.915106,28.719648],[-98.005252,28.690239],[-98.190991,28.882333],[-97.728443,29.221748],[-97.613132,29.109765],[-97.75511,29.007113],[-97.574639,28.8133]]]}},{"type":"Feature","properties":{"name":"Andrews","fips":"48003","state":"TX","state_fips":"48"},"geometry":{"type":"Polygon","coordinates":[[[-103.064516,32.087051],[-103.064696,32.522193],[-102.211037,32.523244],[-102.211249,32.0868],[-103.064516,32.087051]]]}},{"type":"Feature","properties":{"name":"Fannin","fips":"48147","state":"TX","state_fips":"48"},"geometry":{"type":"Polygon","coordinates":[[[-95.855119,33.827358],[-95.858723,33.40953],[-96.384495,33.341119],[-96.379452,33.725764],[-96.368447,33.714926],[-96.362197,33.691818],[-96.342266,33.686843],[-96.32061,33.695413],[-96.311224,33.708003],[-96.306163,33.744032],[-96.293708,33.769409],[-96.263593,33.767467],[-96.229023,33.748021],[-96.186627,33.755021],[-96.16909,33.770417],[-96.155538,33.81404],[-96.163766,33.813051],[-96.169592,33.800944],[-96.179122,33.810224],[-96.166503,33.817867],[-96.150765,33.816987],[-96.14807,33.837799],[-96.122949,33.839964],[-96.09936,33.83047],[-96.100095,33.847971],[-96.048834,33.836468],[-96.034988,33.842646],[-96.026968,33.857474],[-96.020083,33.855046],[-96.020624,33.840627],[-95.997708,33.852183],[-95.994869,33.861824],[-96.002925,33.87359],[-95.984927,33.865805],[-95.984856,33.852492],[-95.94414,33.859998],[-95.932314,33.883767],[-95.9242,33.884585],[-95.846536,33.839855],[-95.855119,33.827358]]]}},{"type":"Feature","properties":{"name":"Kerr","fips":"48265","state":"TX","state_fips":"48"},"geometry":{"type":"Polygon","coordinates":[[[-99.75759,30.076863],[-99.754142,30.290698],[-99.301718,30.286653],[-99.300988,30.134298],[-98.920147,30.13829],[-98.917725,29.781398],[-99.176988,29.895063],[-99.278898,29.904199],[-99.691215,29.908582],[-99.689879,30.073948],[-99.75759,30.076863]]]}},{"type":"Feature","properties":{"name":"Sutton","fips":"48435","state":"TX","state_fips":"48"},"geometry":{"type":"Polygon","coordinates":[[[-100.960587,30.706071],[-100.116234,30.710366],[-100.116461,30.290296],[-100.960643,30.287776],[-100.960587,30.706071]]]}},{"type":"Feature","properties":{"name":"Cameron","fips":"48061","state":"TX","state_fips":"48"},"geometry":{"type":"Polygon","coordinates":[[[-97.336311,25.929044],[-97.348307,25.931177],[-97.354336,25.919992],[-97.375183,25.907748],[-97.365923,25.902438],[-97.366374,25.890608],[-97.356393,25.888038],[-97.374123,25.880118],[-97.359333,25.879778],[-97.356569,25.867532],[-97.36149,25.86943],[-97.376013,25.855958],[-97.363941,25.850447],[-97.371263,25.849308],[-97.372765,25.840067],[-97.386876,25.843895],[-97.3939,25.8371],[-97.406285,25.837889],[-97.398689,25.850269],[-97.408285,25.845535],[-97.409573,25.862258],[-97.412651,25.840975],[-97.425371,25.840596],[-97.435993,25.849898],[-97.44407,25.848538],[-97.445229,25.856382],[-97.454021,25.854094],[-97.444605,25.867472],[-97.44879,25.872259],[-97.456595,25.868352],[-97.455627,25.88416],[-97.470247,25.875345],[-97.474794,25.879509],[-97.468824,25.888836],[-97.485511,25.878393],[-97.487833,25.885426],[-97.496795,25.879685],[-97.498146,25.899068],[-97.521045,25.886162],[-97.533316,25.90824],[-97.53012,25.91997],[-97.543033,25.919979],[-97.537219,25.930754],[-97.543709,25.923381],[-97.55215,25.93708],[-97.561541,25.925656],[-97.567974,25.927619],[-97.567124,25.933788],[-97.582928,25.933013],[-97.58209,25.93862],[-97.566251,25.944938],[-97.567874,25.952432],[-97.574491,25.953968],[-97.577997,25.942096],[-97.582101,25.962428],[-97.601891,25.957178],[-97.610611,25.966193],[-97.607784,25.976711],[-97.617381,25.979858],[-97.621641,25.989188],[-97.634557,25.990372],[-97.631057,25.996459],[-97.619981,25.992648],[-97.618602,26.002663],[-97.627424,25.996624],[-97.626759,26.00601],[-97.635008,25.99999],[-97.649375,26.010825],[-97.637261,26.014458],[-97.640351,26.024448],[-97.646613,26.027178],[-97.651541,26.015858],[-97.667941,26.019258],[-97.660491,26.031478],[-97.662561,26.038112],[-97.667537,26.028831],[-97.674743,26.03296],[-97.675536,26.025914],[-97.693197,26.032512],[-97.691238,26.018923],[-97.707245,26.037839],[-97.709645,26.02608],[-97.721174,26.023289],[-97.719393,26.030887],[-97.734782,26.032106],[-97.725276,26.02488],[-97.737103,26.021493],[-97.738275,26.029059],[-97.763179,26.026702],[-97.767934,26.047472],[-97.77671,26.044482],[-97.769235,26.036199],[-97.776795,26.029279],[-97.792065,26.034029],[-97.797833,26.042567],[-97.788791,26.049583],[-97.798822,26.052828],[-97.801095,26.060239],[-97.811195,26.055439],[-97.813403,26.044039],[-97.818301,26.056588],[-97.833826,26.045686],[-97.839105,26.053199],[-97.860651,26.052772],[-97.861875,26.348156],[-97.527582,26.299304],[-97.521306,26.325837],[-97.50659,26.320818],[-97.51229,26.312976],[-97.500824,26.318852],[-97.507656,26.334724],[-97.485472,26.337092],[-97.469745,26.329885],[-97.475015,26.340744],[-97.467876,26.342902],[-97.46571,26.33238],[-97.445383,26.325819],[-97.430884,26.36332],[-97.411837,26.373431],[-97.386505,26.410437],[-97.167255,26.412715],[-97.125248,26.248285],[-97.108301,26.10451],[-97.089989,26.07534],[-97.097858,26.03862],[-97.089684,25.960839],[-97.146307,25.956632],[-97.158056,25.948816],[-97.158773,25.962058],[-97.176083,25.965915],[-97.188933,25.953908],[-97.208738,25.96395],[-97.247193,25.948158],[-97.276434,25.952122],[-97.283503,25.959488],[-97.289555,25.954376],[-97.278344,25.947496],[-97.27704,25.935085],[-97.302909,25.937306],[-97.305323,25.927678],[-97.317982,25.931305],[-97.326102,25.917557],[-97.333203,25.926178],[-97.337683,25.920168],[-97.336311,25.929044]]]}},{"type":"Feature","properties":{"name":"Montgomery","fips":"48339","state":"TX","state_fips":"48"},"geometry":{"type":"Polygon","coordinates":[[[-95.83024,30.630284],[-95.598971,30.509002],[-95.361866,30.508916],[-95.330829,30.435606],[-95.308395,30.40575],[-95.264564,30.384569],[-95.236631,30.379523],[-95.21636,30.354588],[-95.203813,30.352095],[-95.211163,30.338727],[-95.220614,30.337394],[-95.226361,30.319656],[-95.165897,30.344976],[-95.096708,30.167214],[-95.264138,30.032069],[-95.292681,30.027761],[-95.310994,30.032887],[-95.313909,30.051597],[-95.349674,30.076479],[-95.371017,30.078335],[-95.379234,30.087475],[-95.391742,30.082727],[-95.409872,30.092718],[-95.424216,30.115491],[-95.455141,30.104283],[-95.488301,30.107929],[-95.497606,30.122712],[-95.499896,30.14259],[-95.541975,30.170528],[-95.552503,30.170353],[-95.59061,30.135872],[-95.623154,30.135839],[-95.623933,30.126741],[-95.636866,30.12636],[-95.669017,30.101443],[-95.68381,30.107358],[-95.691004,30.098761],[-95.714483,30.102461],[-95.734038,30.093484],[-95.749001,30.095835],[-95.761085,30.086373],[-95.789032,30.094674],[-95.80333,30.090096],[-95.804393,30.338674],[-95.83024,30.630284]]]}},{"type":"Feature","properties":{"name":"Llano","fips":"48299","state":"TX","state_fips":"48"},"geometry":{"type":"Polygon","coordinates":[[[-98.964612,30.921368],[-98.445761,30.92143],[-98.448593,30.890785],[-98.456352,30.876455],[-98.421475,30.863173],[-98.421593,30.834997],[-98.401384,30.843996],[-98.376587,30.833776],[-98.387627,30.819347],[-98.403336,30.817936],[-98.412552,30.794991],[-98.431996,30.790436],[-98.422531,30.775042],[-98.429909,30.756117],[-98.424046,30.750507],[-98.377777,30.747238],[-98.371434,30.742064],[-98.392654,30.721233],[-98.404152,30.721083],[-98.414319,30.703743],[-98.40332,30.676851],[-98.437576,30.673775],[-98.441759,30.666352],[-98.428932,30.661457],[-98.418137,30.645235],[-98.417595,30.627274],[-98.400181,30.598449],[-98.413699,30.585921],[-98.405358,30.566164],[-98.370311,30.574438],[-98.351983,30.558393],[-98.351041,30.486096],[-98.411462,30.502095],[-98.964232,30.498482],[-98.964612,30.921368]]]}},{"type":"Feature","properties":{"name":"Mason","fips":"48319","state":"TX","state_fips":"48"},"geometry":{"type":"Polygon","coordinates":[[[-99.484755,30.940605],[-99.092317,30.941002],[-99.092431,30.921968],[-98.964612,30.921368],[-98.964232,30.498482],[-99.484493,30.499641],[-99.484755,30.940605]]]}},{"type":"Feature","properties":{"name":"Wheeler","fips":"48483","state":"TX","state_fips":"48"},"geometry":{"type":"Polygon","coordinates":[[[-100.538978,35.183144],[-100.540158,35.619296],[-100.000392,35.619115],[-100.000385,35.182702],[-100.538978,35.183144]]]}},{"type":"Feature","properties":{"name":"San Patricio","fips":"48409","state":"TX","state_fips":"48"},"geometry":{"type":"Polygon","coordinates":[[[-97.491759,27.88166],[-97.517295,27.871292],[-97.519775,27.8611],[-97.515119,27.851949],[-97.490319,27.846525],[-97.488479,27.839086],[-97.500987,27.846697],[-97.53531,27.847677],[-97.544318,27.858875],[-97.591871,27.857005],[-97.608984,27.871688],[-97.609593,27.890377],[-97.626973,27.895398],[-97.632113,27.893385],[-97.627057,27.875707],[-97.638174,27.865594],[-97.67528,27.882538],[-97.671265,27.892665],[-97.682177,27.901896],[-97.689775,27.900341],[-97.69077,27.917225],[-97.70821,27.922584],[-97.716416,27.918057],[-97.715858,27.911545],[-97.725202,27.916489],[-97.736018,27.911881],[-97.730018,27.923288],[-97.748994,27.932856],[-97.762951,27.92345],[-97.764303,27.938127],[-97.775878,27.937875],[-97.77864,27.94752],[-97.795529,27.942221],[-97.796733,27.934116],[-97.806484,27.934396],[-97.817618,27.970478],[-97.802638,27.979498],[-97.796576,28.011023],[-97.789,28.013752],[-97.79607,28.031258],[-97.805975,28.041433],[-97.838918,28.034613],[-97.878101,28.046313],[-97.874801,28.050039],[-97.884373,28.054197],[-97.883599,28.059712],[-97.901222,28.067837],[-97.901118,28.075883],[-97.895441,28.075869],[-97.908774,28.091866],[-97.896478,28.101022],[-97.897767,28.113331],[-97.904081,28.114228],[-97.817716,28.176848],[-97.567622,28.129683],[-97.541071,28.164669],[-97.527415,28.160568],[-97.521211,28.151341],[-97.482061,28.168809],[-97.4759,28.179406],[-97.473006,28.15596],[-97.456322,28.160557],[-97.450243,28.147767],[-97.442473,28.154204],[-97.446301,28.132749],[-97.422674,28.142891],[-97.423419,28.135096],[-97.435181,28.129417],[-97.427998,28.128111],[-97.426733,28.117259],[-97.405598,28.119433],[-97.404375,28.109013],[-97.400919,28.119506],[-97.396197,28.118553],[-97.405447,28.123483],[-97.403842,28.130129],[-97.384833,28.123951],[-97.378958,28.138903],[-97.345717,28.118375],[-97.341518,28.132171],[-97.325314,28.126584],[-97.330681,28.119898],[-97.325274,28.119519],[-97.317664,28.131872],[-97.327396,28.133576],[-97.317803,28.137495],[-97.308926,28.119447],[-97.316886,28.110067],[-97.30134,28.103829],[-97.290886,28.115098],[-97.283702,28.090935],[-97.261305,28.086986],[-97.259401,28.073196],[-97.135134,27.897216],[-97.142634,27.894718],[-97.186987,27.825489],[-97.160737,27.843157],[-97.184622,27.8257],[-97.201291,27.821105],[-97.245341,27.836145],[-97.222667,27.831872],[-97.221596,27.85432],[-97.231724,27.848608],[-97.244588,27.859519],[-97.24759,27.873925],[-97.263676,27.880686],[-97.299191,27.877118],[-97.354823,27.850311],[-97.35988,27.85223],[-97.343757,27.86443],[-97.343725,27.871406],[-97.331917,27.87331],[-97.337677,27.883165],[-97.445908,27.865379],[-97.459295,27.878316],[-97.460334,27.861997],[-97.468592,27.870767],[-97.480815,27.859773],[-97.491759,27.88166]]]}},{"type":"Feature","properties":{"name":"Moore","fips":"48341","state":"TX","state_fips":"48"},"geometry":{"type":"Polygon","coordinates":[[[-101.623466,36.055405],[-101.6228,35.620196],[-102.162752,35.620035],[-102.163015,36.055249],[-101.623466,36.055405]]]}},{"type":"Feature","properties":{"name":"Fayette","fips":"48149","state":"TX","state_fips":"48"},"geometry":{"type":"Polygon","coordinates":[[[-96.874222,29.632706],[-97.143262,29.628089],[-97.130517,29.643296],[-97.317893,29.784658],[-97.024461,30.051435],[-97.019163,30.032],[-96.845857,30.116027],[-96.794552,30.160545],[-96.773016,30.149466],[-96.766937,30.138745],[-96.735445,30.147393],[-96.714989,30.144983],[-96.687141,30.16435],[-96.683394,30.151038],[-96.647223,30.145174],[-96.653112,30.12999],[-96.633673,30.106142],[-96.634289,30.075701],[-96.623863,30.066713],[-96.622011,30.04433],[-96.569844,29.961516],[-96.717043,29.792706],[-96.874222,29.632706]]]}},{"type":"Feature","properties":{"name":"Briscoe","fips":"48045","state":"TX","state_fips":"48"},"geometry":{"type":"Polygon","coordinates":[[[-100.946132,34.312759],[-101.47158,34.31229],[-101.471562,34.747462],[-100.944939,34.748281],[-100.946132,34.312759]]]}},{"type":"Feature","properties":{"name":"Zapata","fips":"48505","state":"TX","state_fips":"48"},"geometry":{"type":"Polygon","coordinates":[[[-99.453752,27.265085],[-99.370621,27.319174],[-99.33361,27.273223],[-98.954669,27.269397],[-98.95423,26.785694],[-99.011112,26.675023],[-99.169416,26.571682],[-99.178064,26.620547],[-99.200522,26.656443],[-99.209948,26.693938],[-99.208907,26.724761],[-99.240023,26.745851],[-99.242444,26.788262],[-99.262208,26.815668],[-99.268613,26.843213],[-99.280471,26.858053],[-99.295146,26.86544],[-99.316753,26.865831],[-99.328619,26.878592],[-99.324684,26.915973],[-99.373374,26.931256],[-99.388253,26.944217],[-99.392954,26.963803],[-99.377312,26.973819],[-99.378435,26.980034],[-99.403694,26.997356],[-99.415476,27.01724],[-99.432155,27.010699],[-99.445661,27.021756],[-99.444276,27.038395],[-99.452316,27.062669],[-99.429209,27.090982],[-99.442125,27.106856],[-99.430581,27.126612],[-99.439971,27.151072],[-99.429984,27.159149],[-99.426356,27.17669],[-99.432589,27.209698],[-99.445238,27.223341],[-99.441545,27.249915],[-99.453752,27.265085]]]}},{"type":"Feature","properties":{"name":"Hidalgo","fips":"48215","state":"TX","state_fips":"48"},"geometry":{"type":"Polygon","coordinates":[[[-97.996514,26.49191],[-98.004189,26.448784],[-97.908508,26.433245],[-97.86192,26.433579],[-97.861791,26.070125],[-97.868673,26.056947],[-97.887172,26.066657],[-97.891041,26.060373],[-97.926967,26.054868],[-97.933431,26.065626],[-97.933273,26.052978],[-97.951728,26.062173],[-97.966748,26.051715],[-97.978799,26.058904],[-97.980372,26.067374],[-97.991875,26.058249],[-98.003302,26.064744],[-98.012012,26.056083],[-98.012107,26.066144],[-98.020886,26.058626],[-98.027558,26.067005],[-98.038811,26.041263],[-98.061083,26.0464],[-98.076788,26.036269],[-98.080127,26.041734],[-98.069997,26.050484],[-98.079717,26.070884],[-98.093528,26.05859],[-98.105188,26.067675],[-98.129967,26.063134],[-98.132108,26.074187],[-98.146457,26.049044],[-98.151289,26.058152],[-98.161758,26.053903],[-98.157962,26.063387],[-98.167932,26.062981],[-98.176543,26.07524],[-98.176994,26.060733],[-98.18727,26.064267],[-98.194319,26.05319],[-98.220807,26.076434],[-98.249349,26.072142],[-98.288215,26.104457],[-98.270387,26.106524],[-98.266039,26.120757],[-98.274839,26.115759],[-98.29665,26.120255],[-98.303603,26.109994],[-98.297667,26.103286],[-98.305697,26.103144],[-98.335567,26.138414],[-98.326739,26.142893],[-98.337979,26.14944],[-98.335744,26.165891],[-98.346187,26.165974],[-98.351759,26.151154],[-98.359657,26.172524],[-98.367227,26.168611],[-98.365635,26.158094],[-98.386858,26.157894],[-98.401914,26.171094],[-98.402627,26.181389],[-98.444018,26.2006],[-98.438682,26.21196],[-98.443673,26.224064],[-98.454511,26.216693],[-98.460248,26.226304],[-98.481269,26.219879],[-98.481339,26.200779],[-98.485377,26.212712],[-98.507016,26.209225],[-98.501034,26.22256],[-98.513702,26.227236],[-98.524086,26.220893],[-98.522159,26.235624],[-98.534875,26.225395],[-98.543802,26.243822],[-98.556595,26.248002],[-98.545698,26.237202],[-98.561778,26.22412],[-98.565688,26.241292],[-98.578005,26.233662],[-98.585012,26.244018],[-98.579201,26.251809],[-98.586339,26.258239],[-98.32067,26.783081],[-97.985494,26.780917],[-97.985303,26.615809],[-97.957405,26.611769],[-97.970067,26.552253],[-97.963912,26.5335],[-97.984367,26.536578],[-97.992285,26.491308],[-97.996514,26.49191]]]}},{"type":"Feature","properties":{"name":"Schleicher","fips":"48413","state":"TX","state_fips":"48"},"geometry":{"type":"Polygon","coordinates":[[[-100.116234,30.710366],[-100.960587,30.706071],[-100.962176,31.08249],[-100.115216,31.087994],[-100.116234,30.710366]]]}},{"type":"Feature","properties":{"name":"Cass","fips":"48067","state":"TX","state_fips":"48"},"geometry":{"type":"Polygon","coordinates":[[[-94.043078,32.881089],[-94.653994,32.879506],[-94.65226,33.268861],[-94.6497,33.259238],[-94.634839,33.251351],[-94.608009,33.247479],[-94.604658,33.257015],[-94.590455,33.259424],[-94.593043,33.255118],[-94.578406,33.247717],[-94.569816,33.253472],[-94.568972,33.264328],[-94.55853,33.26119],[-94.554494,33.269185],[-94.533336,33.266274],[-94.518254,33.274447],[-94.518332,33.281959],[-94.496671,33.284985],[-94.486661,33.280296],[-94.48523,33.287939],[-94.482279,33.284157],[-94.468442,33.294313],[-94.444228,33.281247],[-94.436513,33.281342],[-94.434291,33.287509],[-94.433353,33.282597],[-94.415739,33.284017],[-94.411294,33.27084],[-94.39731,33.270406],[-94.400587,33.265583],[-94.379658,33.255698],[-94.360901,33.264918],[-94.344186,33.252602],[-94.325624,33.256712],[-94.312033,33.248793],[-94.297685,33.255631],[-94.290898,33.248932],[-94.278208,33.249536],[-94.278326,33.24447],[-94.264355,33.245347],[-94.259313,33.237046],[-94.252546,33.243294],[-94.229365,33.243028],[-94.23495,33.244819],[-94.229519,33.247584],[-94.237255,33.254623],[-94.233196,33.25772],[-94.239422,33.25853],[-94.232876,33.270348],[-94.240353,33.27404],[-94.223293,33.27758],[-94.220486,33.287567],[-94.215756,33.284805],[-94.218182,33.29705],[-94.191615,33.297683],[-94.186427,33.305594],[-94.173625,33.301254],[-94.164377,33.312057],[-94.130474,33.292608],[-94.1195,33.292909],[-94.124612,33.29818],[-94.116815,33.300452],[-94.113731,33.294289],[-94.116097,33.304642],[-94.108696,33.302276],[-94.11007,33.309424],[-94.10038,33.297891],[-94.098869,33.306198],[-94.092903,33.298364],[-94.090752,33.305267],[-94.082619,33.304558],[-94.089104,33.297058],[-94.083274,33.292916],[-94.080848,33.299264],[-94.07331,33.292046],[-94.066703,33.29551],[-94.071418,33.300385],[-94.056144,33.298036],[-94.054449,33.293298],[-94.059363,33.294137],[-94.050848,33.287354],[-94.055624,33.285531],[-94.04297,33.271241],[-94.043078,32.881089]]]}},{"type":"Feature","properties":{"name":"Glasscock","fips":"48173","state":"TX","state_fips":"48"},"geometry":{"type":"Polygon","coordinates":[[[-101.776085,32.086925],[-101.264216,32.087136],[-101.267122,31.650854],[-101.775802,31.651319],[-101.776085,32.086925]]]}},{"type":"Feature","properties":{"name":"Fisher","fips":"48151","state":"TX","state_fips":"48"},"geometry":{"type":"Polygon","coordinates":[[[-100.144224,32.959978],[-100.146543,32.522793],[-100.660626,32.525312],[-100.65587,32.963469],[-100.144224,32.959978]]]}},{"type":"Feature","properties":{"name":"Comanche","fips":"48093","state":"TX","state_fips":"48"},"geometry":{"type":"Polygon","coordinates":[[[-98.551158,32.261436],[-98.327499,31.941261],[-98.251211,31.980127],[-98.156568,31.841713],[-98.463736,31.683989],[-98.492802,31.723608],[-98.668441,31.700514],[-98.924401,32.078018],[-98.551158,32.261436]]]}},{"type":"Feature","properties":{"name":"Sabine","fips":"48403","state":"TX","state_fips":"48"},"geometry":{"type":"Polygon","coordinates":[[[-93.911126,31.158071],[-94.039034,31.134271],[-94.047969,31.144554],[-94.028974,31.250215],[-94.038428,31.286926],[-94.047265,31.298544],[-94.037011,31.33233],[-94.041633,31.340465],[-94.021729,31.365872],[-94.044154,31.409979],[-93.983239,31.466114],[-93.984461,31.569419],[-93.940492,31.59026],[-93.926142,31.590666],[-93.896537,31.611836],[-93.876261,31.596814],[-93.869164,31.599164],[-93.834918,31.586212],[-93.818434,31.570943],[-93.822958,31.56813],[-93.81686,31.563084],[-93.818582,31.554826],[-93.787687,31.527344],[-93.760062,31.523933],[-93.75386,31.525331],[-93.758111,31.529872],[-93.747437,31.530682],[-93.742693,31.515694],[-93.711046,31.512161],[-93.723447,31.500938],[-93.722596,31.492769],[-93.752387,31.48274],[-93.745542,31.480396],[-93.749476,31.46869],[-93.721931,31.453447],[-93.703934,31.455493],[-93.709512,31.442025],[-93.692526,31.438201],[-93.704879,31.410881],[-93.674117,31.397681],[-93.670999,31.366221],[-93.639222,31.37202],[-93.645866,31.359008],[-93.668439,31.353012],[-93.669024,31.338829],[-93.677277,31.330483],[-93.673553,31.324542],[-93.682941,31.318999],[-93.687278,31.306068],[-93.668928,31.297975],[-93.658685,31.281624],[-93.648648,31.28423],[-93.642516,31.269508],[-93.620343,31.271025],[-93.613942,31.259375],[-93.614288,31.251631],[-93.621757,31.249127],[-93.616308,31.244595],[-93.618107,31.232685],[-93.608158,31.227835],[-93.597399,31.23099],[-93.59497,31.221314],[-93.607288,31.205403],[-93.600308,31.176158],[-93.911126,31.158071]]]}},{"type":"Feature","properties":{"name":"Trinity","fips":"48455","state":"TX","state_fips":"48"},"geometry":{"type":"Polygon","coordinates":[[[-95.434781,31.058098],[-94.95811,31.38693],[-94.949639,31.380726],[-94.957464,31.378691],[-94.958598,31.363624],[-94.949802,31.359822],[-94.961266,31.352814],[-94.955311,31.349774],[-94.95782,31.342847],[-94.909394,31.336989],[-94.897019,31.32353],[-94.901554,31.313069],[-94.894681,31.291708],[-94.886261,31.295696],[-94.883636,31.287257],[-94.877834,31.287497],[-94.897678,31.258011],[-94.884544,31.255679],[-94.880605,31.247512],[-94.875072,31.250331],[-94.860501,31.234955],[-94.86465,31.22565],[-94.85835,31.220567],[-94.86636,31.208672],[-94.850062,31.178372],[-94.849997,31.17119],[-94.85516,31.172433],[-94.849959,31.154883],[-94.856614,31.150151],[-94.842947,31.146578],[-94.939127,31.042048],[-95.20018,30.824566],[-95.232092,30.842816],[-95.243097,30.866856],[-95.230777,30.887007],[-95.252385,30.906719],[-95.312898,30.897873],[-95.313903,30.873101],[-95.327881,30.859343],[-95.343956,30.875801],[-95.353988,30.856207],[-95.383279,30.852961],[-95.397406,30.858279],[-95.391567,30.875965],[-95.399433,30.881507],[-95.381351,30.879303],[-95.381253,30.887062],[-95.399695,30.892895],[-95.406501,30.906161],[-95.415504,30.907862],[-95.411444,30.930959],[-95.434335,30.937405],[-95.434781,31.058098]]]}},{"type":"Feature","properties":{"name":"Castro","fips":"48069","state":"TX","state_fips":"48"},"geometry":{"type":"Polygon","coordinates":[[[-102.525631,34.313034],[-102.525184,34.746931],[-101.998493,34.74819],[-101.99802,34.313039],[-102.525631,34.313034]]]}}]}